name,description,date,max_participants
Ferdinande,Polarised systematic forecast,2024-11-27T00:00:00.000,581
Kirsti,Configurable bottom-line attitude,2024-11-27T00:00:00.000,156
Winthrop,Centralized zero defect system engine,2024-11-27T00:00:00.000,193
Dorine,Down-sized tangible middleware,2024-11-27T00:00:00.000,260
Aubrette,Ameliorated client-server collaboration,2024-11-27T00:00:00.000,719
Leone,Cloned radical synergy,2024-11-27T00:00:00.000,108
Ilario,Total global contingency,2024-11-27T00:00:00.000,434
Barbe,Sharable leading edge open system,2024-11-27T00:00:00.000,869
Raphael,Profit-focused 24/7 portal,2024-11-27T00:00:00.000,511
Darci,Secured heuristic Graphical User Interface,2024-11-27T00:00:00.000,393
Bernardina,Organic solution-oriented leverage,2024-11-27T00:00:00.000,965
Laina,Customer-focused actuating algorithm,2024-11-27T00:00:00.000,371
Bartolemo,Cross-group cohesive projection,2024-11-27T00:00:00.000,840
Oona,Exclusive motivating function,2024-11-27T00:00:00.000,106
Janette,Devolved coherent implementation,2024-11-27T00:00:00.000,811
Conny,Fundamental mobile focus group,2024-11-27T00:00:00.000,953
Vincent,Seamless attitude-oriented benchmark,2024-11-27T00:00:00.000,513
Kingsly,Reverse-engineered contextually-based interface,2024-11-27T00:00:00.000,564
Dora,Triple-buffered bottom-line framework,2024-11-27T00:00:00.000,405
Glennis,Synchronised reciprocal architecture,2024-11-27T00:00:00.000,402
Jozef,Mandatory actuating moderator,2024-11-27T00:00:00.000,64
Reinwald,Total upward-trending neural-net,2024-11-27T00:00:00.000,432
Dynah,Multi-channelled zero tolerance open system,2024-11-27T00:00:00.000,500
Wrennie,Multi-tiered secondary installation,2024-11-27T00:00:00.000,302
Hartley,Virtual methodical help-desk,2024-11-27T00:00:00.000,74
Rori,Progressive holistic neural-net,2024-11-27T00:00:00.000,498
Edee,Synergized web-enabled paradigm,2024-11-27T00:00:00.000,712
Damien,Enhanced optimal architecture,2024-11-27T00:00:00.000,783
Case,Vision-oriented coherent approach,2024-11-27T00:00:00.000,511
Luis,Future-proofed multimedia alliance,2024-11-27T00:00:00.000,716
Florella,Pre-emptive bottom-line success,2024-11-27T00:00:00.000,72
Adolf,Phased holistic synergy,2024-11-27T00:00:00.000,311
Virgie,Customizable hybrid ability,2024-11-27T00:00:00.000,499
Ailyn,Multi-lateral transitional info-mediaries,2024-11-27T00:00:00.000,96
Shaylyn,Extended well-modulated groupware,2024-11-27T00:00:00.000,197
Zachery,Total cohesive help-desk,2024-11-27T00:00:00.000,330
Borg,Mandatory value-added moderator,2024-11-27T00:00:00.000,172
Waylan,Exclusive systemic Graphic Interface,2024-11-27T00:00:00.000,769
Loni,Grass-roots directional installation,2024-11-27T00:00:00.000,235
Harriott,Managed content-based local area network,2024-11-27T00:00:00.000,423
Tommy,Optimized radical paradigm,2024-11-27T00:00:00.000,458
Arlyn,Reactive contextually-based archive,2024-11-27T00:00:00.000,500
Fae,Assimilated attitude-oriented forecast,2024-11-27T00:00:00.000,931
Kendal,Optional actuating info-mediaries,2024-11-27T00:00:00.000,999
Wolf,Down-sized human-resource local area network,2024-11-27T00:00:00.000,773
Kyle,Cross-group object-oriented matrix,2024-11-27T00:00:00.000,547
Fletch,Visionary systematic functionalities,2024-11-27T00:00:00.000,958
Nertie,Digitized motivating hardware,2024-11-27T00:00:00.000,577
Petronella,Organized high-level support,2024-11-27T00:00:00.000,625
Caspar,Open-source eco-centric protocol,2024-11-27T00:00:00.000,751
Amara,Down-sized regional task-force,2024-11-27T00:00:00.000,77
Darnall,Re-engineered leading edge Graphical User Interface,2024-11-27T00:00:00.000,793
Tallie,Assimilated leading edge approach,2024-11-27T00:00:00.000,794
Chrissie,Public-key executive policy,2024-11-27T00:00:00.000,366
Malinde,Centralized content-based emulation,2024-11-27T00:00:00.000,907
Carlyle,Profit-focused grid-enabled intranet,2024-11-27T00:00:00.000,97
Ferris,Multi-channelled mission-critical utilisation,2024-11-27T00:00:00.000,773
Karrie,Focused hybrid access,2024-11-27T00:00:00.000,442
Johanna,Organized transitional intranet,2024-11-27T00:00:00.000,879
Brian,Compatible composite complexity,2024-11-27T00:00:00.000,918
Cedric,Advanced incremental concept,2024-11-27T00:00:00.000,751
Keene,Optimized optimizing migration,2024-11-27T00:00:00.000,307
Dasi,Up-sized asymmetric model,2024-11-27T00:00:00.000,494
Alina,Robust cohesive archive,2024-11-27T00:00:00.000,231
Phyllida,Balanced leading edge local area network,2024-11-27T00:00:00.000,614
Kamilah,Assimilated asynchronous Graphic Interface,2024-11-27T00:00:00.000,908
Lulita,Expanded zero defect initiative,2024-11-27T00:00:00.000,244
Babbette,Enhanced radical info-mediaries,2024-11-27T00:00:00.000,303
Beltran,Business-focused national access,2024-11-27T00:00:00.000,496
Urbanus,Up-sized responsive model,2024-11-27T00:00:00.000,759
Mareah,Optimized incremental pricing structure,2024-11-27T00:00:00.000,853
Ali,Monitored directional circuit,2024-11-27T00:00:00.000,604
Aubert,Decentralized user-facing emulation,2024-11-27T00:00:00.000,62
Mavra,Secured asynchronous function,2024-11-27T00:00:00.000,838
Shannan,Pre-emptive systemic conglomeration,2024-11-27T00:00:00.000,925
Dot,Up-sized mission-critical application,2024-11-27T00:00:00.000,357
Morie,Programmable fault-tolerant moderator,2024-11-27T00:00:00.000,106
Arnie,Reduced 6th generation local area network,2024-11-27T00:00:00.000,115
Manya,Triple-buffered methodical migration,2024-11-27T00:00:00.000,644
Flory,Cloned incremental paradigm,2024-11-27T00:00:00.000,653
Samara,Cross-group asynchronous focus group,2024-11-27T00:00:00.000,26
Rafi,Ameliorated real-time paradigm,2024-11-27T00:00:00.000,125
Jeanna,Secured bandwidth-monitored projection,2024-11-27T00:00:00.000,871
Jody,Distributed global approach,2024-11-27T00:00:00.000,510
Tally,Polarised 5th generation algorithm,2024-11-27T00:00:00.000,121
Elyn,Fundamental systematic artificial intelligence,2024-11-27T00:00:00.000,85
Channa,Multi-channelled intangible project,2024-11-27T00:00:00.000,829
Reyna,Team-oriented directional secured line,2024-11-27T00:00:00.000,54
Ophelie,Reduced explicit knowledge base,2024-11-27T00:00:00.000,76
Fair,Multi-layered analyzing matrices,2024-11-27T00:00:00.000,347
Aurelea,Versatile zero tolerance initiative,2024-11-27T00:00:00.000,614
Davine,Face to face bifurcated Graphical User Interface,2024-11-27T00:00:00.000,733
Janela,Quality-focused tangible adapter,2024-11-27T00:00:00.000,43
Wolfie,Configurable logistical algorithm,2024-11-27T00:00:00.000,841
Noami,Horizontal scalable product,2024-11-27T00:00:00.000,250
Obadiah,Customizable leading edge encoding,2024-11-27T00:00:00.000,157
Timothea,Reduced modular local area network,2024-11-27T00:00:00.000,124
Aguistin,Public-key mobile matrix,2024-11-27T00:00:00.000,553
Dyan,Open-source attitude-oriented interface,2024-11-27T00:00:00.000,272
Kelby,Persevering 24 hour knowledge user,2024-11-27T00:00:00.000,919
Fairfax,Automated attitude-oriented migration,2024-11-27T00:00:00.000,833
Adrea,Extended even-keeled methodology,2024-11-27T00:00:00.000,919
Stella,Streamlined upward-trending initiative,2024-11-27T00:00:00.000,194
Adele,Advanced motivating complexity,2024-11-27T00:00:00.000,214
Darin,Open-architected zero tolerance infrastructure,2024-11-27T00:00:00.000,164
Bettye,Advanced didactic hardware,2024-11-27T00:00:00.000,659
Dominik,Cloned zero tolerance secured line,2024-11-27T00:00:00.000,671
Durward,Mandatory multimedia complexity,2024-11-27T00:00:00.000,453
Amy,Reactive stable leverage,2024-11-27T00:00:00.000,902
Ilyssa,Inverse high-level matrix,2024-11-27T00:00:00.000,648
Ruthanne,Balanced coherent solution,2024-11-27T00:00:00.000,715
Garreth,Implemented zero tolerance capacity,2024-11-27T00:00:00.000,523
Sherwin,Upgradable encompassing matrices,2024-11-27T00:00:00.000,291
Jennilee,Sharable foreground task-force,2024-11-27T00:00:00.000,244
Lanni,Up-sized high-level project,2024-11-27T00:00:00.000,344
Cahra,Focused grid-enabled challenge,2024-11-27T00:00:00.000,402
Ardelle,Distributed national customer loyalty,2024-11-27T00:00:00.000,47
Annalee,Reactive well-modulated leverage,2024-11-27T00:00:00.000,555
Alyda,Assimilated bottom-line knowledge base,2024-11-27T00:00:00.000,180
Alis,Grass-roots intangible solution,2024-11-27T00:00:00.000,730
Jamal,Fully-configurable national contingency,2024-11-27T00:00:00.000,616
Aeriela,Up-sized didactic knowledge base,2024-11-27T00:00:00.000,102
Mycah,Persevering object-oriented database,2024-11-27T00:00:00.000,389
Sheilah,Mandatory national circuit,2024-11-27T00:00:00.000,845
Milly,Face to face clear-thinking intranet,2024-11-27T00:00:00.000,372
Kitti,Streamlined reciprocal extranet,2024-11-27T00:00:00.000,328
Kailey,Centralized transitional task-force,2024-11-27T00:00:00.000,277
Gustav,Adaptive empowering architecture,2024-11-27T00:00:00.000,448
Idelle,Configurable global instruction set,2024-11-27T00:00:00.000,738
Geri,Organic solution-oriented database,2024-11-27T00:00:00.000,75
Nicko,Quality-focused multi-tasking secured line,2024-11-27T00:00:00.000,307
Alexine,Multi-layered tertiary functionalities,2024-11-27T00:00:00.000,459
Alvira,Integrated bottom-line ability,2024-11-27T00:00:00.000,396
Zea,Streamlined asymmetric utilisation,2024-11-27T00:00:00.000,219
Yasmeen,Compatible non-volatile hardware,2024-11-27T00:00:00.000,362
Moritz,Fully-configurable zero defect local area network,2024-11-27T00:00:00.000,429
Hanni,Devolved methodical definition,2024-11-27T00:00:00.000,177
Rooney,Centralized impactful flexibility,2024-11-27T00:00:00.000,753
Ekaterina,Seamless non-volatile application,2024-11-27T00:00:00.000,141
Shanon,Team-oriented zero administration knowledge user,2024-11-27T00:00:00.000,915
Gideon,Self-enabling asymmetric website,2024-11-27T00:00:00.000,277
Patty,Centralized value-added attitude,2024-11-27T00:00:00.000,493
Domeniga,Total static protocol,2024-11-27T00:00:00.000,910
Aguistin,Cross-group static collaboration,2024-11-27T00:00:00.000,348
Susy,Reactive system-worthy middleware,2024-11-27T00:00:00.000,155
Uriel,Multi-lateral reciprocal infrastructure,2024-11-27T00:00:00.000,620
Trefor,Up-sized contextually-based project,2024-11-27T00:00:00.000,83
Flemming,Vision-oriented asymmetric infrastructure,2024-11-27T00:00:00.000,364
Allx,Realigned dedicated throughput,2024-11-27T00:00:00.000,289
Fionnula,Diverse dedicated throughput,2024-11-27T00:00:00.000,517
Martelle,User-friendly clear-thinking firmware,2024-11-27T00:00:00.000,79
Bronny,Operative hybrid pricing structure,2024-11-27T00:00:00.000,521
Humfrid,Persistent motivating software,2024-11-27T00:00:00.000,696
Bren,Synergistic optimizing function,2024-11-27T00:00:00.000,600
Margaret,Intuitive zero defect solution,2024-11-27T00:00:00.000,167
Flynn,Total motivating secured line,2024-11-27T00:00:00.000,645
Stormi,Innovative even-keeled project,2024-11-27T00:00:00.000,988
Ermin,Pre-emptive content-based circuit,2024-11-27T00:00:00.000,401
Livy,Self-enabling object-oriented strategy,2024-11-27T00:00:00.000,270
Emlyn,Inverse asymmetric interface,2024-11-27T00:00:00.000,464
Dominic,Multi-channelled fault-tolerant utilisation,2024-11-27T00:00:00.000,615
Lannie,Upgradable bottom-line array,2024-11-27T00:00:00.000,560
Francyne,Right-sized non-volatile model,2024-11-27T00:00:00.000,500
Terencio,Monitored stable infrastructure,2024-11-27T00:00:00.000,380
Nickola,Future-proofed leading edge structure,2024-11-27T00:00:00.000,427
Loleta,Pre-emptive fresh-thinking intranet,2024-11-27T00:00:00.000,30
Caye,Profit-focused actuating encoding,2024-11-27T00:00:00.000,598
Maybelle,Extended radical project,2024-11-27T00:00:00.000,803
Eveline,User-centric radical model,2024-11-27T00:00:00.000,52
Lynda,Profound executive flexibility,2024-11-27T00:00:00.000,943
Blisse,Inverse cohesive projection,2024-11-27T00:00:00.000,616
Darrin,Cloned next generation challenge,2024-11-27T00:00:00.000,845
Elston,Multi-tiered solution-oriented definition,2024-11-27T00:00:00.000,63
Joe,Up-sized clear-thinking extranet,2024-11-27T00:00:00.000,20
George,Pre-emptive asymmetric implementation,2024-11-27T00:00:00.000,735
Laure,Re-engineered directional strategy,2024-11-27T00:00:00.000,837
Elyn,Vision-oriented 24/7 methodology,2024-11-27T00:00:00.000,278
Sutton,Right-sized intermediate paradigm,2024-11-27T00:00:00.000,68
Lorri,Monitored systemic support,2024-11-27T00:00:00.000,393
Brigitte,Switchable well-modulated attitude,2024-11-27T00:00:00.000,611
Deena,Reverse-engineered fresh-thinking groupware,2024-11-27T00:00:00.000,770
Edvard,Realigned modular task-force,2024-11-27T00:00:00.000,195
Vanny,Ameliorated bi-directional moderator,2024-11-27T00:00:00.000,959
Benedetto,Advanced demand-driven instruction set,2024-11-27T00:00:00.000,750
Berri,Upgradable static artificial intelligence,2024-11-27T00:00:00.000,485
Danell,Exclusive tertiary flexibility,2024-11-27T00:00:00.000,485
Meredeth,Pre-emptive interactive encryption,2024-11-27T00:00:00.000,924
Allegra,Adaptive web-enabled attitude,2024-11-27T00:00:00.000,167
Rudy,Future-proofed upward-trending process improvement,2024-11-27T00:00:00.000,550
Jere,Open-source transitional matrices,2024-11-27T00:00:00.000,298
Urbanus,Synergistic real-time circuit,2024-11-27T00:00:00.000,754
Noel,Focused zero administration function,2024-11-27T00:00:00.000,381
Alix,Streamlined heuristic structure,2024-11-27T00:00:00.000,577
Bobbe,De-engineered leading edge solution,2024-11-27T00:00:00.000,428
Lance,Mandatory user-facing circuit,2024-11-27T00:00:00.000,877
Gabrila,Open-architected static parallelism,2024-11-27T00:00:00.000,722
Mattias,Re-engineered solution-oriented Graphic Interface,2024-11-27T00:00:00.000,664
Tally,Automated fault-tolerant process improvement,2024-11-27T00:00:00.000,572
Petronilla,Enterprise-wide human-resource definition,2024-11-27T00:00:00.000,613
Wileen,Team-oriented solution-oriented framework,2024-11-27T00:00:00.000,235
Drud,Versatile exuding model,2024-11-27T00:00:00.000,357
Shena,Enhanced heuristic migration,2024-11-27T00:00:00.000,559
Jecho,Programmable regional data-warehouse,2024-11-27T00:00:00.000,59
Daryl,Customizable intermediate hierarchy,2024-11-27T00:00:00.000,441
Zitella,Face to face optimizing projection,2024-11-27T00:00:00.000,66
Bobina,Persistent multimedia initiative,2024-11-27T00:00:00.000,763
Bradly,Down-sized zero defect neural-net,2024-11-27T00:00:00.000,223
Galina,Organized user-facing open system,2024-11-27T00:00:00.000,685
Ronda,Front-line tangible project,2024-11-27T00:00:00.000,853
Flossy,Right-sized scalable definition,2024-11-27T00:00:00.000,64
Patin,Multi-layered zero tolerance artificial intelligence,2024-11-27T00:00:00.000,918
Kristoforo,Open-architected methodical collaboration,2024-11-27T00:00:00.000,959
Lyell,Mandatory neutral solution,2024-11-27T00:00:00.000,842
Pincus,Versatile client-driven intranet,2024-11-27T00:00:00.000,657
Lothario,Proactive scalable hierarchy,2024-11-27T00:00:00.000,339
Tarah,Multi-channelled cohesive complexity,2024-11-27T00:00:00.000,190
Earl,Quality-focused object-oriented contingency,2024-11-27T00:00:00.000,477
Wain,Devolved reciprocal open architecture,2024-11-27T00:00:00.000,560
Walliw,Open-source regional attitude,2024-11-27T00:00:00.000,98
Fonzie,Visionary well-modulated throughput,2024-11-27T00:00:00.000,683
Taryn,Balanced disintermediate paradigm,2024-11-27T00:00:00.000,660
Edna,Organized multi-state knowledge user,2024-11-27T00:00:00.000,291
Adelheid,Down-sized clear-thinking website,2024-11-27T00:00:00.000,159
Dixie,Organic content-based alliance,2024-11-27T00:00:00.000,325
Neda,Proactive web-enabled archive,2024-11-27T00:00:00.000,187
Stevana,Automated analyzing concept,2024-11-27T00:00:00.000,735
Catharine,Reverse-engineered holistic initiative,2024-11-27T00:00:00.000,387
Arlette,Diverse interactive moratorium,2024-11-27T00:00:00.000,205
Roman,Down-sized zero defect encoding,2024-11-27T00:00:00.000,43
Kizzee,Upgradable bi-directional circuit,2024-11-27T00:00:00.000,193
Vite,Implemented executive pricing structure,2024-11-27T00:00:00.000,695
Peyton,Monitored logistical focus group,2024-11-27T00:00:00.000,669
Peta,Open-source analyzing workforce,2024-11-27T00:00:00.000,139
Shelia,Universal modular collaboration,2024-11-27T00:00:00.000,227
Zachary,Phased zero defect attitude,2024-11-27T00:00:00.000,733
Ofilia,Pre-emptive 24/7 parallelism,2024-11-27T00:00:00.000,423
L;urette,Down-sized non-volatile neural-net,2024-11-27T00:00:00.000,723
Sawyer,Configurable tertiary installation,2024-11-27T00:00:00.000,114
Windy,Proactive composite parallelism,2024-11-27T00:00:00.000,554
Harlie,Progressive even-keeled framework,2024-11-27T00:00:00.000,39
Anderea,Cross-group cohesive frame,2024-11-27T00:00:00.000,223
Marje,Centralized intermediate time-frame,2024-11-27T00:00:00.000,61
Berrie,Advanced homogeneous hub,2024-11-27T00:00:00.000,297
Juliet,Reactive analyzing toolset,2024-11-27T00:00:00.000,484
Alexandre,Centralized regional productivity,2024-11-27T00:00:00.000,117
Charis,Profound full-range collaboration,2024-11-27T00:00:00.000,308
Yardley,Extended reciprocal Graphic Interface,2024-11-27T00:00:00.000,312
Aldric,Exclusive next generation knowledge base,2024-11-27T00:00:00.000,638
Michaelina,Fundamental stable flexibility,2024-11-27T00:00:00.000,81
Janeva,Open-source needs-based paradigm,2024-11-27T00:00:00.000,630
Alex,De-engineered non-volatile website,2024-11-27T00:00:00.000,344
Sile,Sharable radical framework,2024-11-27T00:00:00.000,578
Mariska,Universal exuding middleware,2024-11-27T00:00:00.000,805
Bellanca,Grass-roots hybrid application,2024-11-27T00:00:00.000,395
Clywd,Extended local encoding,2024-11-27T00:00:00.000,992
Fulton,Self-enabling impactful functionalities,2024-11-27T00:00:00.000,111
Gray,Cross-platform clear-thinking success,2024-11-27T00:00:00.000,209
Claus,Devolved system-worthy functionalities,2024-11-27T00:00:00.000,53
Orelie,Expanded 24 hour policy,2024-11-27T00:00:00.000,780
Inness,Extended interactive matrix,2024-11-27T00:00:00.000,970
Thalia,Digitized upward-trending encryption,2024-11-27T00:00:00.000,777
Gabi,Polarised empowering internet solution,2024-11-27T00:00:00.000,649
Kristos,Focused value-added matrix,2024-11-27T00:00:00.000,415
Gloria,Intuitive contextually-based solution,2024-11-27T00:00:00.000,849
Brion,Reduced explicit encryption,2024-11-27T00:00:00.000,225
Jeri,Cross-platform tertiary groupware,2024-11-27T00:00:00.000,997
Yankee,Reactive reciprocal framework,2024-11-27T00:00:00.000,465
Genevra,Cross-group user-facing success,2024-11-27T00:00:00.000,681
Esme,Triple-buffered multi-tasking conglomeration,2024-11-27T00:00:00.000,876
Andeee,Visionary system-worthy implementation,2024-11-27T00:00:00.000,154
Felicia,Persistent asynchronous toolset,2024-11-27T00:00:00.000,893
Jaquelin,Progressive exuding middleware,2024-11-27T00:00:00.000,648
Betti,Streamlined holistic paradigm,2024-11-27T00:00:00.000,680
Augusto,Total asymmetric model,2024-11-27T00:00:00.000,80
Irv,Cross-group fresh-thinking superstructure,2024-11-27T00:00:00.000,505
Em,Persistent fault-tolerant paradigm,2024-11-27T00:00:00.000,679
Fifi,Visionary fresh-thinking Graphic Interface,2024-11-27T00:00:00.000,528
Damon,Upgradable secondary middleware,2024-11-27T00:00:00.000,861
Wandis,Down-sized tertiary migration,2024-11-27T00:00:00.000,24
Gilligan,Function-based human-resource challenge,2024-11-27T00:00:00.000,54
Karine,Switchable bandwidth-monitored flexibility,2024-11-27T00:00:00.000,994
Flynn,Self-enabling uniform frame,2024-11-27T00:00:00.000,427
Mildrid,Customizable bottom-line product,2024-11-27T00:00:00.000,569
Brett,Object-based dedicated portal,2024-11-27T00:00:00.000,580
Elie,Organic mobile framework,2024-11-27T00:00:00.000,922
Timothea,Networked real-time instruction set,2024-11-27T00:00:00.000,900
Nancee,Self-enabling explicit intranet,2024-11-27T00:00:00.000,982
Marley,Distributed optimizing open architecture,2024-11-27T00:00:00.000,140
Thaddeus,Polarised attitude-oriented moderator,2024-11-27T00:00:00.000,907
Birch,Synchronised national data-warehouse,2024-11-27T00:00:00.000,572
Ashbey,Synergized zero defect utilisation,2024-11-27T00:00:00.000,341
Kennett,Centralized object-oriented secured line,2024-11-27T00:00:00.000,216
Adriaens,Synergistic neutral matrix,2024-11-27T00:00:00.000,426
Edmund,Universal client-driven ability,2024-11-27T00:00:00.000,196
Dorine,Mandatory modular core,2024-11-27T00:00:00.000,433
Erma,Open-source user-facing Graphic Interface,2024-11-27T00:00:00.000,352
Shayne,Down-sized 5th generation superstructure,2024-11-27T00:00:00.000,58
Roseanna,Multi-tiered hybrid firmware,2024-11-27T00:00:00.000,114
Angelle,Fundamental next generation adapter,2024-11-27T00:00:00.000,925
Spence,Cross-group exuding project,2024-11-27T00:00:00.000,281
Flor,Optional 6th generation budgetary management,2024-11-27T00:00:00.000,283
Kylie,Upgradable full-range hub,2024-11-27T00:00:00.000,962
Suzette,Open-architected motivating application,2024-11-27T00:00:00.000,97
Nariko,Enhanced multi-state architecture,2024-11-27T00:00:00.000,539
Dru,Organized hybrid website,2024-11-27T00:00:00.000,351
Merwin,Customizable foreground structure,2024-11-27T00:00:00.000,759
Tobye,Business-focused optimal extranet,2024-11-27T00:00:00.000,575
Aggy,Multi-channelled radical capacity,2024-11-27T00:00:00.000,502
Gilles,Team-oriented radical methodology,2024-11-27T00:00:00.000,360
Basile,Persistent zero administration support,2024-11-27T00:00:00.000,961
Bessy,Multi-tiered actuating throughput,2024-11-27T00:00:00.000,493
Maren,Polarised 4th generation framework,2024-11-27T00:00:00.000,351
Brandi,Organic client-driven workforce,2024-11-27T00:00:00.000,266
Jase,Front-line fault-tolerant budgetary management,2024-11-27T00:00:00.000,843
Iain,Versatile incremental secured line,2024-11-27T00:00:00.000,450
Barbe,Centralized 3rd generation approach,2024-11-27T00:00:00.000,905
Eddy,Business-focused demand-driven solution,2024-11-27T00:00:00.000,672
Chance,Distributed multi-tasking complexity,2024-11-27T00:00:00.000,246
Roldan,Optimized maximized projection,2024-11-27T00:00:00.000,301
Alis,Operative neutral standardization,2024-11-27T00:00:00.000,271
Gherardo,Open-architected incremental function,2024-11-27T00:00:00.000,371
Modesta,Enterprise-wide foreground parallelism,2024-11-27T00:00:00.000,406
Kristo,Optimized bifurcated application,2024-11-27T00:00:00.000,695
Kurtis,Upgradable even-keeled leverage,2024-11-27T00:00:00.000,274
Gilligan,Enterprise-wide zero tolerance throughput,2024-11-27T00:00:00.000,912
Raff,Fundamental static capability,2024-11-27T00:00:00.000,384
Sanderson,Focused neutral orchestration,2024-11-27T00:00:00.000,45
Toinette,Multi-lateral even-keeled solution,2024-11-27T00:00:00.000,635
Wright,Inverse local synergy,2024-11-27T00:00:00.000,254
Mayer,Object-based incremental flexibility,2024-11-27T00:00:00.000,494
Bailey,Virtual holistic hierarchy,2024-11-27T00:00:00.000,153
Waite,Monitored disintermediate open architecture,2024-11-27T00:00:00.000,791
Dion,Adaptive fault-tolerant application,2024-11-27T00:00:00.000,890
Lexie,Fully-configurable needs-based paradigm,2024-11-27T00:00:00.000,953
Sandie,Open-architected 3rd generation artificial intelligence,2024-11-27T00:00:00.000,755
Kira,Innovative leading edge archive,2024-11-27T00:00:00.000,472
Cathie,Phased real-time open system,2024-11-27T00:00:00.000,134
Dale,Persistent mobile projection,2024-11-27T00:00:00.000,332
Reba,Persistent zero tolerance system engine,2024-11-27T00:00:00.000,687
Tricia,Compatible 3rd generation encryption,2024-11-27T00:00:00.000,303
Jone,Balanced zero administration analyzer,2024-11-27T00:00:00.000,919
Kaylil,Business-focused contextually-based open system,2024-11-27T00:00:00.000,237
Merrick,Ergonomic static capacity,2024-11-27T00:00:00.000,723
Stanton,Programmable upward-trending complexity,2024-11-27T00:00:00.000,627
Marcile,Secured web-enabled portal,2024-11-27T00:00:00.000,407
Whitaker,Seamless executive hierarchy,2024-11-27T00:00:00.000,134
Arlina,Virtual composite application,2024-11-27T00:00:00.000,242
Kamillah,Operative intermediate analyzer,2024-11-27T00:00:00.000,475
Elonore,Customer-focused client-driven throughput,2024-11-27T00:00:00.000,87
Armin,Polarised fault-tolerant challenge,2024-11-27T00:00:00.000,726
Marisa,Mandatory background ability,2024-11-27T00:00:00.000,252
Yoshi,Grass-roots uniform pricing structure,2024-11-27T00:00:00.000,229
Sybila,Cross-platform global implementation,2024-11-27T00:00:00.000,618
Carmon,Integrated human-resource alliance,2024-11-27T00:00:00.000,145
Chastity,Triple-buffered encompassing superstructure,2024-11-27T00:00:00.000,990
Ruby,Reactive grid-enabled matrices,2024-11-27T00:00:00.000,152
Kimbell,Polarised multi-tasking parallelism,2024-11-27T00:00:00.000,948
Gardener,Diverse analyzing process improvement,2024-11-27T00:00:00.000,460
Xena,Sharable heuristic protocol,2024-11-27T00:00:00.000,122
Lexy,Phased didactic initiative,2024-11-27T00:00:00.000,845
Archie,Quality-focused incremental solution,2024-11-27T00:00:00.000,861
Veronika,Sharable optimal artificial intelligence,2024-11-27T00:00:00.000,207
Ibby,Reactive logistical approach,2024-11-27T00:00:00.000,893
Zitella,Implemented contextually-based leverage,2024-11-27T00:00:00.000,54
Karlen,Synergized clear-thinking portal,2024-11-27T00:00:00.000,806
Susette,Integrated scalable infrastructure,2024-11-27T00:00:00.000,189
Jeffie,Re-engineered even-keeled forecast,2024-11-27T00:00:00.000,943
Emelina,Persevering scalable analyzer,2024-11-27T00:00:00.000,186
Siusan,Exclusive multi-tasking superstructure,2024-11-27T00:00:00.000,901
Dyanne,Inverse neutral support,2024-11-27T00:00:00.000,768
Carolee,Object-based human-resource algorithm,2024-11-27T00:00:00.000,783
Rickie,Adaptive stable success,2024-11-27T00:00:00.000,229
Ade,Extended hybrid toolset,2024-11-27T00:00:00.000,369
Guido,Visionary fresh-thinking functionalities,2024-11-27T00:00:00.000,738
James,Cross-platform mission-critical function,2024-11-27T00:00:00.000,603
Alan,Monitored 24/7 encoding,2024-11-27T00:00:00.000,364
Dirk,Networked 24/7 database,2024-11-27T00:00:00.000,698
Knox,Fundamental uniform Graphical User Interface,2024-11-27T00:00:00.000,115
Agosto,Persistent scalable throughput,2024-11-27T00:00:00.000,823
Kellyann,Organic cohesive installation,2024-11-27T00:00:00.000,484
Graham,Grass-roots neutral support,2024-11-27T00:00:00.000,639
Lynnell,Profit-focused upward-trending attitude,2024-11-27T00:00:00.000,237
Domini,Cloned attitude-oriented moratorium,2024-11-27T00:00:00.000,981
Giorgio,Triple-buffered local success,2024-11-27T00:00:00.000,411
Adrien,Cloned multi-state archive,2024-11-27T00:00:00.000,947
Kaja,Ergonomic responsive project,2024-11-27T00:00:00.000,167
Harriett,Re-contextualized scalable utilisation,2024-11-27T00:00:00.000,874
Kinnie,Universal multimedia throughput,2024-11-27T00:00:00.000,755
Courtnay,Integrated client-driven model,2024-11-27T00:00:00.000,255
Freddie,Multi-tiered high-level local area network,2024-11-27T00:00:00.000,681
Roxine,Compatible global initiative,2024-11-27T00:00:00.000,37
Nilson,Programmable impactful flexibility,2024-11-27T00:00:00.000,678
Randene,Balanced responsive hierarchy,2024-11-27T00:00:00.000,807
Ellis,Adaptive multi-tasking contingency,2024-11-27T00:00:00.000,724
Arlen,Multi-channelled systemic adapter,2024-11-27T00:00:00.000,969
Sibilla,Front-line web-enabled secured line,2024-11-27T00:00:00.000,474
Barbabra,Open-architected demand-driven knowledge base,2024-11-27T00:00:00.000,684
Hector,Focused web-enabled infrastructure,2024-11-27T00:00:00.000,431
Carree,User-friendly human-resource Graphical User Interface,2024-11-27T00:00:00.000,617
Lishe,Intuitive empowering migration,2024-11-27T00:00:00.000,391
Rosella,Implemented next generation open architecture,2024-11-27T00:00:00.000,720
Massimiliano,Synchronised content-based matrix,2024-11-27T00:00:00.000,692
Phaedra,Intuitive asynchronous attitude,2024-11-27T00:00:00.000,232
Tab,Focused cohesive monitoring,2024-11-27T00:00:00.000,81
Tobi,Profound directional archive,2024-11-27T00:00:00.000,272
Ximenes,Sharable user-facing internet solution,2024-11-27T00:00:00.000,837
Merrielle,Enterprise-wide maximized standardization,2024-11-27T00:00:00.000,410
Martynne,Adaptive systematic middleware,2024-11-27T00:00:00.000,648
Amabel,Triple-buffered static functionalities,2024-11-27T00:00:00.000,146
Netta,Re-engineered human-resource conglomeration,2024-11-27T00:00:00.000,620
Amalea,Polarised solution-oriented implementation,2024-11-27T00:00:00.000,314
Celestia,Focused methodical parallelism,2024-11-27T00:00:00.000,222
Sheilakathryn,Vision-oriented dedicated contingency,2024-11-27T00:00:00.000,25
Faun,Devolved logistical support,2024-11-27T00:00:00.000,769
Malena,Extended zero defect migration,2024-11-27T00:00:00.000,116
Daphna,Realigned fault-tolerant moratorium,2024-11-27T00:00:00.000,172
Suellen,Robust tangible interface,2024-11-27T00:00:00.000,414
Clemmie,Quality-focused uniform access,2024-11-27T00:00:00.000,444
Randi,Synchronised stable structure,2024-11-27T00:00:00.000,642
Dasie,Streamlined attitude-oriented flexibility,2024-11-27T00:00:00.000,323
Kial,Synergistic attitude-oriented intranet,2024-11-27T00:00:00.000,51
August,Switchable foreground structure,2024-11-27T00:00:00.000,997
Lorilyn,Phased exuding secured line,2024-11-27T00:00:00.000,113
Hartwell,Fundamental analyzing hierarchy,2024-11-27T00:00:00.000,681
Hardy,Team-oriented maximized migration,2024-11-27T00:00:00.000,174
Abigael,Visionary explicit toolset,2024-11-27T00:00:00.000,749
Hussein,Exclusive uniform model,2024-11-27T00:00:00.000,999
Rowe,Reduced high-level policy,2024-11-27T00:00:00.000,643
Marcel,Operative exuding migration,2024-11-27T00:00:00.000,474
Bethina,Distributed impactful matrices,2024-11-27T00:00:00.000,774
Conni,Grass-roots full-range matrix,2024-11-27T00:00:00.000,437
Trudie,Fully-configurable methodical Graphical User Interface,2024-11-27T00:00:00.000,346
Farlie,Monitored background analyzer,2024-11-27T00:00:00.000,493
Merrel,Integrated encompassing concept,2024-11-27T00:00:00.000,34
Mauricio,Public-key methodical customer loyalty,2024-11-27T00:00:00.000,53
Floria,Digitized analyzing data-warehouse,2024-11-27T00:00:00.000,519
Bibby,Team-oriented zero tolerance workforce,2024-11-27T00:00:00.000,458
Courtney,Centralized context-sensitive matrices,2024-11-27T00:00:00.000,611
Athena,Future-proofed foreground benchmark,2024-11-27T00:00:00.000,174
Doloritas,Team-oriented contextually-based flexibility,2024-11-27T00:00:00.000,98
Dante,Multi-channelled secondary product,2024-11-27T00:00:00.000,478
Charin,Open-source directional matrix,2024-11-27T00:00:00.000,738
Georgianne,Pre-emptive motivating extranet,2024-11-27T00:00:00.000,947
Kristian,Stand-alone 5th generation synergy,2024-11-27T00:00:00.000,136
Sib,Object-based maximized framework,2024-11-27T00:00:00.000,219
Jess,Universal 24 hour knowledge user,2024-11-27T00:00:00.000,186
Mitch,Programmable multi-tasking leverage,2024-11-27T00:00:00.000,800
Natalina,Business-focused leading edge functionalities,2024-11-27T00:00:00.000,944
Kally,Automated actuating conglomeration,2024-11-27T00:00:00.000,742
Ella,User-friendly systematic core,2024-11-27T00:00:00.000,712
Dulcia,Profit-focused clear-thinking firmware,2024-11-27T00:00:00.000,525
Venus,Customer-focused web-enabled toolset,2024-11-27T00:00:00.000,694
Wanids,Profit-focused human-resource open architecture,2024-11-27T00:00:00.000,73
Laurel,Versatile high-level challenge,2024-11-27T00:00:00.000,452
Cordey,Streamlined static middleware,2024-11-27T00:00:00.000,949
Leshia,Proactive human-resource hub,2024-11-27T00:00:00.000,738
Howie,Digitized solution-oriented superstructure,2024-11-27T00:00:00.000,304
Base,Re-engineered disintermediate archive,2024-11-27T00:00:00.000,835
Star,Total modular project,2024-11-27T00:00:00.000,838
Verine,Pre-emptive transitional initiative,2024-11-27T00:00:00.000,684
Hervey,Innovative fresh-thinking benchmark,2024-11-27T00:00:00.000,586
Biddie,Balanced even-keeled emulation,2024-11-27T00:00:00.000,140
Duff,Assimilated dynamic circuit,2024-11-27T00:00:00.000,826
Eugene,Visionary fresh-thinking access,2024-11-27T00:00:00.000,927
Alleyn,Front-line heuristic conglomeration,2024-11-27T00:00:00.000,933
Clare,Team-oriented full-range matrix,2024-11-27T00:00:00.000,590
Lexis,Exclusive 6th generation solution,2024-11-27T00:00:00.000,619
Kalina,Optional human-resource open architecture,2024-11-27T00:00:00.000,38
Gillan,Cloned human-resource installation,2024-11-27T00:00:00.000,658
Tommie,Pre-emptive fresh-thinking definition,2024-11-27T00:00:00.000,209
Carce,Customer-focused intangible concept,2024-11-27T00:00:00.000,772
Joy,Customizable incremental encoding,2024-11-27T00:00:00.000,433
Abraham,Vision-oriented mission-critical internet solution,2024-11-27T00:00:00.000,780
Odella,Horizontal zero administration open system,2024-11-27T00:00:00.000,714
Toiboid,Customer-focused non-volatile challenge,2024-11-27T00:00:00.000,636
Ninon,Persistent contextually-based time-frame,2024-11-27T00:00:00.000,991
Roseann,Sharable heuristic functionalities,2024-11-27T00:00:00.000,366
Felic,Digitized actuating intranet,2024-11-27T00:00:00.000,703
Hatty,Secured 4th generation circuit,2024-11-27T00:00:00.000,339
Kettie,Profound optimizing product,2024-11-27T00:00:00.000,652
Jamey,Virtual intangible core,2024-11-27T00:00:00.000,315
Reilly,Adaptive grid-enabled workforce,2024-11-27T00:00:00.000,152
Margaretha,Pre-emptive full-range frame,2024-11-27T00:00:00.000,380
Gerhardine,Face to face systemic projection,2024-11-27T00:00:00.000,873
Zilvia,Configurable mission-critical pricing structure,2024-11-27T00:00:00.000,579
Dion,Proactive intermediate synergy,2024-11-27T00:00:00.000,949
Deni,Future-proofed dedicated moderator,2024-11-27T00:00:00.000,656
Dilan,Universal background system engine,2024-11-27T00:00:00.000,182
Erika,Customer-focused fault-tolerant product,2024-11-27T00:00:00.000,947
Tiffani,Innovative background Graphic Interface,2024-11-27T00:00:00.000,31
Chloris,Assimilated contextually-based moratorium,2024-11-27T00:00:00.000,84
Sergent,Sharable executive framework,2024-11-27T00:00:00.000,761
Betsy,Front-line system-worthy emulation,2024-11-27T00:00:00.000,548
Jess,Proactive stable product,2024-11-27T00:00:00.000,88
Gamaliel,Open-architected zero defect emulation,2024-11-27T00:00:00.000,387
Renelle,Triple-buffered asynchronous definition,2024-11-27T00:00:00.000,939
Karisa,Right-sized global circuit,2024-11-27T00:00:00.000,25
Linnie,Proactive client-driven software,2024-11-27T00:00:00.000,69
Shermy,Centralized 6th generation groupware,2024-11-27T00:00:00.000,60
Cyndi,Fundamental zero defect adapter,2024-11-27T00:00:00.000,137
Riordan,Programmable secondary encoding,2024-11-27T00:00:00.000,642
Dacia,Versatile mobile artificial intelligence,2024-11-27T00:00:00.000,519
Rana,Right-sized uniform knowledge base,2024-11-27T00:00:00.000,429
Curt,Operative methodical open architecture,2024-11-27T00:00:00.000,642
Fletch,Customizable explicit success,2024-11-27T00:00:00.000,181
Anna,Innovative optimizing moratorium,2024-11-27T00:00:00.000,109
Mirelle,Face to face incremental protocol,2024-11-27T00:00:00.000,577
Julie,Cross-platform explicit flexibility,2024-11-27T00:00:00.000,510
Vanya,Re-contextualized interactive forecast,2024-11-27T00:00:00.000,85
Demetrius,Open-source tertiary success,2024-11-27T00:00:00.000,644
Bourke,Upgradable next generation portal,2024-11-27T00:00:00.000,993
Aubine,Networked value-added workforce,2024-11-27T00:00:00.000,109
Klarrisa,User-centric tangible emulation,2024-11-27T00:00:00.000,255
Riva,Cross-group multimedia policy,2024-11-27T00:00:00.000,597
Reinaldos,Ergonomic intermediate utilisation,2024-11-27T00:00:00.000,950
Harald,Persistent 24/7 parallelism,2024-11-27T00:00:00.000,238
Allayne,Triple-buffered fresh-thinking attitude,2024-11-27T00:00:00.000,655
Max,Up-sized executive standardization,2024-11-27T00:00:00.000,108
Maynard,Phased context-sensitive strategy,2024-11-27T00:00:00.000,953
Judie,Stand-alone clear-thinking benchmark,2024-11-27T00:00:00.000,618
Val,Grass-roots tertiary pricing structure,2024-11-27T00:00:00.000,486
Anny,Future-proofed user-facing help-desk,2024-11-27T00:00:00.000,614
Calypso,Horizontal scalable knowledge user,2024-11-27T00:00:00.000,391
Beale,Centralized regional capability,2024-11-27T00:00:00.000,259
Liliane,Organic explicit implementation,2024-11-27T00:00:00.000,369
Bent,Function-based mobile intranet,2024-11-27T00:00:00.000,725
Tucky,Customizable scalable methodology,2024-11-27T00:00:00.000,404
Skipton,Down-sized zero defect synergy,2024-11-27T00:00:00.000,361
Sean,Ameliorated client-server migration,2024-11-27T00:00:00.000,548
Emilee,Streamlined incremental focus group,2024-11-27T00:00:00.000,856
Faustina,Programmable fresh-thinking support,2024-11-27T00:00:00.000,544
Minette,Universal neutral secured line,2024-11-27T00:00:00.000,759
Keith,Stand-alone systemic encoding,2024-11-27T00:00:00.000,220
Isidor,Operative zero administration success,2024-11-27T00:00:00.000,486
Fannie,Advanced 3rd generation ability,2024-11-27T00:00:00.000,432
Broddie,Visionary dedicated benchmark,2024-11-27T00:00:00.000,82
Diannne,Open-architected systemic emulation,2024-11-27T00:00:00.000,694
Yvette,Persistent national groupware,2024-11-27T00:00:00.000,480
Herta,De-engineered zero defect flexibility,2024-11-27T00:00:00.000,453
Dallas,Re-contextualized clear-thinking help-desk,2024-11-27T00:00:00.000,726
Tull,Fully-configurable regional neural-net,2024-11-27T00:00:00.000,377
Harlan,Managed upward-trending customer loyalty,2024-11-27T00:00:00.000,135
Sasha,Multi-lateral hybrid emulation,2024-11-27T00:00:00.000,288
Shirley,Future-proofed explicit groupware,2024-11-27T00:00:00.000,811
Gaye,Enhanced 6th generation middleware,2024-11-27T00:00:00.000,739
Rosamund,Open-source bandwidth-monitored algorithm,2024-11-27T00:00:00.000,874
Jania,Virtual incremental hub,2024-11-27T00:00:00.000,850
Griffin,Customer-focused neutral framework,2024-11-27T00:00:00.000,676
Aime,Optimized high-level software,2024-11-27T00:00:00.000,802
Vick,Public-key high-level protocol,2024-11-27T00:00:00.000,831
Kellina,Ameliorated 24/7 application,2024-11-27T00:00:00.000,477
Agustin,Balanced reciprocal capacity,2024-11-27T00:00:00.000,705
Arlyne,Persevering disintermediate neural-net,2024-11-27T00:00:00.000,316
Larina,Re-contextualized solution-oriented algorithm,2024-11-27T00:00:00.000,336
Sean,Seamless homogeneous standardization,2024-11-27T00:00:00.000,709
Rosemonde,Optimized fault-tolerant support,2024-11-27T00:00:00.000,20
Perry,Digitized empowering access,2024-11-27T00:00:00.000,667
Mandy,Open-source reciprocal monitoring,2024-11-27T00:00:00.000,553
Rora,User-friendly explicit utilisation,2024-11-27T00:00:00.000,245
Richy,Compatible high-level installation,2024-11-27T00:00:00.000,324
Seymour,Open-source client-server middleware,2024-11-27T00:00:00.000,766
Gertrud,Programmable fresh-thinking archive,2024-11-27T00:00:00.000,812
Brunhilde,Monitored even-keeled internet solution,2024-11-27T00:00:00.000,381
Kynthia,Phased attitude-oriented array,2024-11-27T00:00:00.000,955
Rebeca,Profound asynchronous benchmark,2024-11-27T00:00:00.000,905
Payton,Profound disintermediate conglomeration,2024-11-27T00:00:00.000,898
Tudor,Devolved client-driven capacity,2024-11-27T00:00:00.000,726
Kathi,Customizable regional structure,2024-11-27T00:00:00.000,674
Timmie,Compatible modular internet solution,2024-11-27T00:00:00.000,955
Krystal,Quality-focused mission-critical workforce,2024-11-27T00:00:00.000,708
Lissy,Business-focused fault-tolerant task-force,2024-11-27T00:00:00.000,964
Fanchon,Extended bi-directional capability,2024-11-27T00:00:00.000,779
Modesta,Assimilated encompassing protocol,2024-11-27T00:00:00.000,285
Wynny,Implemented asymmetric open system,2024-11-27T00:00:00.000,713
Una,Future-proofed background extranet,2024-11-27T00:00:00.000,465
Prescott,Innovative value-added support,2024-11-27T00:00:00.000,459
Alecia,Multi-tiered upward-trending framework,2024-11-27T00:00:00.000,345
Ganny,Down-sized 4th generation matrix,2024-11-27T00:00:00.000,135
Lula,Total 4th generation portal,2024-11-27T00:00:00.000,572
Diana,Fully-configurable zero tolerance emulation,2024-11-27T00:00:00.000,920
Sabrina,Reactive high-level open architecture,2024-11-27T00:00:00.000,180
Wyatt,Customer-focused motivating portal,2024-11-27T00:00:00.000,359
Miner,Ameliorated neutral interface,2024-11-27T00:00:00.000,240
Cecil,Intuitive modular website,2024-11-27T00:00:00.000,569
Tabbie,Polarised 24 hour function,2024-11-27T00:00:00.000,327
Wilhelmina,Versatile uniform archive,2024-11-27T00:00:00.000,948
Lydia,Profit-focused web-enabled structure,2024-11-27T00:00:00.000,921
Donnie,Innovative 3rd generation hardware,2024-11-27T00:00:00.000,342
Conney,Monitored coherent policy,2024-11-27T00:00:00.000,608
Carrie,Diverse intangible forecast,2024-11-27T00:00:00.000,743
Ramsey,Digitized bifurcated workforce,2024-11-27T00:00:00.000,652
Davon,Proactive homogeneous hardware,2024-11-27T00:00:00.000,499
Marna,Open-source dedicated groupware,2024-11-27T00:00:00.000,795
Elijah,Monitored contextually-based info-mediaries,2024-11-27T00:00:00.000,394
Gordan,Integrated eco-centric utilisation,2024-11-27T00:00:00.000,465
Jimmy,Team-oriented transitional local area network,2024-11-27T00:00:00.000,810
Luise,Future-proofed cohesive customer loyalty,2024-11-27T00:00:00.000,21
Ina,Persistent methodical function,2024-11-27T00:00:00.000,993
Cherilynn,Team-oriented client-server secured line,2024-11-27T00:00:00.000,34
Phillida,Profound static functionalities,2024-11-27T00:00:00.000,117
Tasia,Open-source foreground projection,2024-11-27T00:00:00.000,43
Marabel,User-centric needs-based open architecture,2024-11-27T00:00:00.000,428
Any,Realigned empowering throughput,2024-11-27T00:00:00.000,41
Emilio,Automated bottom-line encoding,2024-11-27T00:00:00.000,835
Orazio,Function-based clear-thinking pricing structure,2024-11-27T00:00:00.000,85
Ellsworth,Pre-emptive attitude-oriented ability,2024-11-27T00:00:00.000,950
Loise,Secured bifurcated moratorium,2024-11-27T00:00:00.000,244
Lorine,Adaptive bi-directional data-warehouse,2024-11-27T00:00:00.000,62
Trixy,Operative dedicated adapter,2024-11-27T00:00:00.000,392
Meir,Compatible even-keeled capacity,2024-11-27T00:00:00.000,106
Angelique,Multi-channelled disintermediate encryption,2024-11-27T00:00:00.000,767
Taffy,Synchronised fresh-thinking emulation,2024-11-27T00:00:00.000,428
Garold,Synchronised coherent contingency,2024-11-27T00:00:00.000,334
Kristofer,Stand-alone static task-force,2024-11-27T00:00:00.000,458
Norene,Fully-configurable analyzing orchestration,2024-11-27T00:00:00.000,408
Nancee,Implemented 6th generation matrix,2024-11-27T00:00:00.000,608
Trace,Quality-focused local intranet,2024-11-27T00:00:00.000,304
Retha,Fully-configurable value-added policy,2024-11-27T00:00:00.000,396
Randie,Inverse demand-driven monitoring,2024-11-27T00:00:00.000,980
Mair,Proactive bottom-line matrix,2024-11-27T00:00:00.000,889
Lorelle,Multi-lateral full-range definition,2024-11-27T00:00:00.000,870
Morgun,Diverse intangible customer loyalty,2024-11-27T00:00:00.000,250
Mikol,Persevering optimizing forecast,2024-11-27T00:00:00.000,459
Valentin,Cross-platform transitional complexity,2024-11-27T00:00:00.000,525
Adler,Versatile leading edge capacity,2024-11-27T00:00:00.000,356
Patience,Multi-tiered maximized capability,2024-11-27T00:00:00.000,85
Forest,Re-engineered national matrices,2024-11-27T00:00:00.000,452
Gerda,Programmable full-range open system,2024-11-27T00:00:00.000,824
Rona,Multi-channelled reciprocal model,2024-11-27T00:00:00.000,498
Sky,Quality-focused systemic application,2024-11-27T00:00:00.000,481
Tova,Exclusive 5th generation neural-net,2024-11-27T00:00:00.000,39
Aarika,Public-key client-driven encoding,2024-11-27T00:00:00.000,347
Anna-maria,Cross-group needs-based hierarchy,2024-11-27T00:00:00.000,434
Albertina,Synergized human-resource model,2024-11-27T00:00:00.000,257
Adelheid,Mandatory radical approach,2024-11-27T00:00:00.000,920
Lianna,Optional local framework,2024-11-27T00:00:00.000,328
Wilhelmine,Exclusive bi-directional instruction set,2024-11-27T00:00:00.000,781
Kalie,Pre-emptive 5th generation standardization,2024-11-27T00:00:00.000,340
Normand,Diverse fresh-thinking challenge,2024-11-27T00:00:00.000,720
Lacee,Organic multi-state standardization,2024-11-27T00:00:00.000,115
Anthia,Face to face bifurcated forecast,2024-11-27T00:00:00.000,310
Clovis,Organic stable model,2024-11-27T00:00:00.000,294
Margarete,Public-key zero defect methodology,2024-11-27T00:00:00.000,125
Cornie,Enterprise-wide well-modulated architecture,2024-11-27T00:00:00.000,326
Allys,Monitored impactful orchestration,2024-11-27T00:00:00.000,130
Jeffry,Advanced heuristic ability,2024-11-27T00:00:00.000,540
Avictor,Cross-group transitional flexibility,2024-11-27T00:00:00.000,30
Jarrod,Adaptive national policy,2024-11-27T00:00:00.000,800
Klarrisa,Optimized logistical collaboration,2024-11-27T00:00:00.000,980
Flor,Streamlined eco-centric info-mediaries,2024-11-27T00:00:00.000,708
Lacee,Team-oriented multi-state toolset,2024-11-27T00:00:00.000,188
Marijo,Profound eco-centric service-desk,2024-11-27T00:00:00.000,988
Chickie,Optimized intermediate complexity,2024-11-27T00:00:00.000,839
Reena,Synchronised system-worthy function,2024-11-27T00:00:00.000,216
Lesley,Stand-alone context-sensitive product,2024-11-27T00:00:00.000,712
Obidiah,Extended foreground Graphical User Interface,2024-11-27T00:00:00.000,777
Lyn,Object-based client-server solution,2024-11-27T00:00:00.000,708
Abbott,Stand-alone heuristic structure,2024-11-27T00:00:00.000,947
Margie,Future-proofed exuding infrastructure,2024-11-27T00:00:00.000,370
Emmaline,Persistent incremental focus group,2024-11-27T00:00:00.000,229
Rice,Devolved attitude-oriented capability,2024-11-27T00:00:00.000,801
Gui,Object-based content-based approach,2024-11-27T00:00:00.000,652
Angelica,Versatile leading edge installation,2024-11-27T00:00:00.000,129
Ivar,Ergonomic contextually-based implementation,2024-11-27T00:00:00.000,432
Alisun,User-centric optimal solution,2024-11-27T00:00:00.000,34
Leticia,Ergonomic user-facing adapter,2024-11-27T00:00:00.000,308
Florencia,Robust fresh-thinking local area network,2024-11-27T00:00:00.000,840
Wendell,Business-focused client-server conglomeration,2024-11-27T00:00:00.000,757
Ayn,User-friendly directional success,2024-11-27T00:00:00.000,921
Lind,Up-sized static moratorium,2024-11-27T00:00:00.000,636
Carlynn,Operative dynamic solution,2024-11-27T00:00:00.000,654
Norine,Multi-channelled bifurcated access,2024-11-27T00:00:00.000,580
Erminia,Diverse optimal internet solution,2024-11-27T00:00:00.000,439
Marwin,Managed modular success,2024-11-27T00:00:00.000,45
Wendell,Self-enabling radical model,2024-11-27T00:00:00.000,418
Merridie,Diverse 5th generation system engine,2024-11-27T00:00:00.000,441
Valentino,Multi-tiered next generation model,2024-11-27T00:00:00.000,891
Ivett,Advanced actuating orchestration,2024-11-27T00:00:00.000,751
Emelita,Synergistic didactic product,2024-11-27T00:00:00.000,345
Reed,Enterprise-wide demand-driven intranet,2024-11-27T00:00:00.000,920
Teador,De-engineered executive circuit,2024-11-27T00:00:00.000,334
Magdalena,Upgradable optimizing interface,2024-11-27T00:00:00.000,787
Cally,User-friendly background moderator,2024-11-27T00:00:00.000,832
Constantine,Implemented zero defect budgetary management,2024-11-27T00:00:00.000,688
Beverley,Multi-lateral user-facing firmware,2024-11-27T00:00:00.000,935
Griz,Distributed context-sensitive pricing structure,2024-11-27T00:00:00.000,438
Kissee,Persistent 6th generation encoding,2024-11-27T00:00:00.000,825
Spence,Front-line executive initiative,2024-11-27T00:00:00.000,818
Benedicto,Enterprise-wide secondary methodology,2024-11-27T00:00:00.000,91
Vilma,Grass-roots context-sensitive open architecture,2024-11-27T00:00:00.000,367
Blair,Organized 4th generation core,2024-11-27T00:00:00.000,306
Rebe,Automated 24/7 customer loyalty,2024-11-27T00:00:00.000,467
Rafa,Sharable bottom-line approach,2024-11-27T00:00:00.000,100
Mitchael,Organic 6th generation array,2024-11-27T00:00:00.000,87
Caron,Upgradable content-based alliance,2024-11-27T00:00:00.000,449
Julianne,Digitized contextually-based process improvement,2024-11-27T00:00:00.000,625
Kaile,Expanded intermediate orchestration,2024-11-27T00:00:00.000,537
Barnabas,Enhanced needs-based throughput,2024-11-27T00:00:00.000,450
Tuesday,Re-contextualized even-keeled contingency,2024-11-27T00:00:00.000,957
Cindra,Customizable needs-based framework,2024-11-27T00:00:00.000,439
Tish,Open-architected transitional superstructure,2024-11-27T00:00:00.000,177
Cal,Adaptive 24 hour task-force,2024-11-27T00:00:00.000,410
Ula,Innovative coherent capacity,2024-11-27T00:00:00.000,639
Mile,Polarised uniform database,2024-11-27T00:00:00.000,505
Cairistiona,Open-architected mobile data-warehouse,2024-11-27T00:00:00.000,230
Mickie,Multi-tiered secondary forecast,2024-11-27T00:00:00.000,754
Nalani,Innovative bottom-line product,2024-11-27T00:00:00.000,84
Tonya,Enterprise-wide intermediate local area network,2024-11-27T00:00:00.000,608
Vivie,Synchronised content-based orchestration,2024-11-27T00:00:00.000,56
Angie,Optional radical circuit,2024-11-27T00:00:00.000,572
Emelia,Vision-oriented upward-trending software,2024-11-27T00:00:00.000,854
Eldredge,Open-source user-facing ability,2024-11-27T00:00:00.000,669
Bunny,Assimilated static array,2024-11-27T00:00:00.000,168
Killian,Horizontal intermediate emulation,2024-11-27T00:00:00.000,834
Benoit,Reduced bi-directional analyzer,2024-11-27T00:00:00.000,484
Carmon,Face to face system-worthy product,2024-11-27T00:00:00.000,807
Blane,Integrated encompassing complexity,2024-11-27T00:00:00.000,48
Consuelo,De-engineered explicit core,2024-11-27T00:00:00.000,815
Lolita,Automated regional structure,2024-11-27T00:00:00.000,900
Katherina,Exclusive dedicated artificial intelligence,2024-11-27T00:00:00.000,23
Polly,Organized local benchmark,2024-11-27T00:00:00.000,210
Astrid,Synergistic methodical pricing structure,2024-11-27T00:00:00.000,519
Alix,Synchronised 24 hour archive,2024-11-27T00:00:00.000,203
Mozes,Synergistic attitude-oriented software,2024-11-27T00:00:00.000,963
Berti,Automated zero administration structure,2024-11-27T00:00:00.000,733
Clementius,Multi-layered regional adapter,2024-11-27T00:00:00.000,202
Fee,Mandatory zero tolerance toolset,2024-11-27T00:00:00.000,219
Tess,Ergonomic actuating internet solution,2024-11-27T00:00:00.000,467
Carrol,Business-focused stable extranet,2024-11-27T00:00:00.000,367
Cullie,Phased stable application,2024-11-27T00:00:00.000,554
Damian,Face to face bifurcated synergy,2024-11-27T00:00:00.000,82
Keir,Configurable well-modulated capability,2024-11-27T00:00:00.000,88
Courtnay,Fully-configurable modular secured line,2024-11-27T00:00:00.000,340
Nisse,Progressive non-volatile benchmark,2024-11-27T00:00:00.000,591
Ron,Open-architected bi-directional middleware,2024-11-27T00:00:00.000,320
Novelia,Extended disintermediate groupware,2024-11-27T00:00:00.000,80
Hayyim,Pre-emptive multi-tasking protocol,2024-11-27T00:00:00.000,697
Duane,Multi-tiered methodical service-desk,2024-11-27T00:00:00.000,917
Derick,Polarised foreground database,2024-11-27T00:00:00.000,761
Maye,Vision-oriented content-based analyzer,2024-11-27T00:00:00.000,633
Natty,Visionary hybrid product,2024-11-27T00:00:00.000,41
Manolo,Upgradable 5th generation concept,2024-11-27T00:00:00.000,409
Eal,Polarised 24 hour success,2024-11-27T00:00:00.000,74
Cissy,Integrated neutral open architecture,2024-11-27T00:00:00.000,192
Audre,Integrated encompassing project,2024-11-27T00:00:00.000,460
Shelton,Sharable composite infrastructure,2024-11-27T00:00:00.000,59
Edgardo,Virtual radical access,2024-11-27T00:00:00.000,380
Riannon,Team-oriented uniform throughput,2024-11-27T00:00:00.000,797
Germayne,Versatile eco-centric support,2024-11-27T00:00:00.000,651
Packston,Organic multi-state software,2024-11-27T00:00:00.000,563
Hanson,Future-proofed explicit ability,2024-11-27T00:00:00.000,470
Shoshanna,Seamless global solution,2024-11-27T00:00:00.000,870
Yoshiko,Robust real-time knowledge user,2024-11-27T00:00:00.000,846
Keefe,Enterprise-wide dedicated success,2024-11-27T00:00:00.000,426
Rolf,Devolved coherent collaboration,2024-11-27T00:00:00.000,44
Ailee,Optimized context-sensitive strategy,2024-11-27T00:00:00.000,996
Consolata,Networked homogeneous functionalities,2024-11-27T00:00:00.000,551
Burton,Innovative secondary pricing structure,2024-11-27T00:00:00.000,843
Peadar,Face to face transitional access,2024-11-27T00:00:00.000,568
Obadiah,Team-oriented coherent capability,2024-11-27T00:00:00.000,560
Skipper,Devolved systemic open system,2024-11-27T00:00:00.000,490
Annmaria,Open-source value-added complexity,2024-11-27T00:00:00.000,590
Akim,Universal cohesive frame,2024-11-27T00:00:00.000,736
Mora,Networked asymmetric access,2024-11-27T00:00:00.000,317
Hedwiga,Organic content-based middleware,2024-11-27T00:00:00.000,366
Marlowe,Decentralized user-facing standardization,2024-11-27T00:00:00.000,586
Lois,Face to face systemic orchestration,2024-11-27T00:00:00.000,753
Duane,Total value-added access,2024-11-27T00:00:00.000,762
Homere,Re-engineered bottom-line flexibility,2024-11-27T00:00:00.000,922
Gasper,Expanded 4th generation synergy,2024-11-27T00:00:00.000,426
Heidi,Business-focused neutral info-mediaries,2024-11-27T00:00:00.000,258
Jasper,Assimilated modular collaboration,2024-11-27T00:00:00.000,704
Kristofer,Down-sized fresh-thinking projection,2024-11-27T00:00:00.000,24
Tedman,Digitized exuding intranet,2024-11-27T00:00:00.000,667
Brena,Object-based scalable emulation,2024-11-27T00:00:00.000,786
Dorrie,Operative bandwidth-monitored hierarchy,2024-11-27T00:00:00.000,40
Chrisse,Sharable static secured line,2024-11-27T00:00:00.000,578
Rochette,Organic non-volatile monitoring,2024-11-27T00:00:00.000,413
Nita,Enhanced context-sensitive neural-net,2024-11-27T00:00:00.000,78
Kelley,Multi-layered hybrid hardware,2024-11-27T00:00:00.000,433
Elayne,Fully-configurable homogeneous functionalities,2024-11-27T00:00:00.000,648
Wells,Intuitive dedicated hierarchy,2024-11-27T00:00:00.000,389
Raviv,Team-oriented zero defect open architecture,2024-11-27T00:00:00.000,311
Tam,Object-based value-added conglomeration,2024-11-27T00:00:00.000,450
Page,User-centric high-level frame,2024-11-27T00:00:00.000,35
Xenia,Mandatory radical knowledge base,2024-11-27T00:00:00.000,878
Britt,Face to face client-server parallelism,2024-11-27T00:00:00.000,865
Renate,Self-enabling bifurcated complexity,2024-11-27T00:00:00.000,110
Mellisa,Team-oriented radical circuit,2024-11-27T00:00:00.000,214
Eberto,Sharable national help-desk,2024-11-27T00:00:00.000,639
Elvera,Re-engineered systemic orchestration,2024-11-27T00:00:00.000,904
Kory,Horizontal 4th generation neural-net,2024-11-27T00:00:00.000,137
Asia,Enhanced secondary system engine,2024-11-27T00:00:00.000,738
Odessa,Compatible local data-warehouse,2024-11-27T00:00:00.000,727
Barbee,Configurable system-worthy methodology,2024-11-27T00:00:00.000,102
Johan,Vision-oriented actuating focus group,2024-11-27T00:00:00.000,366
Jammal,Future-proofed even-keeled matrix,2024-11-27T00:00:00.000,569
Vonni,Streamlined dynamic function,2024-11-27T00:00:00.000,892
Lucho,Business-focused demand-driven application,2024-11-27T00:00:00.000,550
Penelope,Team-oriented system-worthy service-desk,2024-11-27T00:00:00.000,99
Annetta,Networked 24 hour firmware,2024-11-27T00:00:00.000,959
Craggie,Team-oriented didactic concept,2024-11-27T00:00:00.000,718
Beniamino,Ergonomic scalable conglomeration,2024-11-27T00:00:00.000,207
Sonnie,Customizable didactic collaboration,2024-11-27T00:00:00.000,502
Worthy,Decentralized mobile protocol,2024-11-27T00:00:00.000,782
Devonne,Monitored discrete open system,2024-11-27T00:00:00.000,309
Adaline,Object-based real-time architecture,2024-11-27T00:00:00.000,471
Lee,Re-engineered motivating function,2024-11-27T00:00:00.000,62
Paulette,Advanced methodical process improvement,2024-11-27T00:00:00.000,966
Elsey,Object-based modular monitoring,2024-11-27T00:00:00.000,725
Ferdy,Advanced stable service-desk,2024-11-27T00:00:00.000,383
Alden,Profound discrete benchmark,2024-11-27T00:00:00.000,162
Geri,Public-key background moratorium,2024-11-27T00:00:00.000,126
Dinah,Face to face 24/7 groupware,2024-11-27T00:00:00.000,280
Alexei,Seamless real-time analyzer,2024-11-27T00:00:00.000,730
Linnet,Re-engineered modular hierarchy,2024-11-27T00:00:00.000,336
Erinn,Triple-buffered high-level internet solution,2024-11-27T00:00:00.000,380
Alverta,Integrated interactive open architecture,2024-11-27T00:00:00.000,892
Gianni,Virtual eco-centric conglomeration,2024-11-27T00:00:00.000,625
Cora,Persevering optimal archive,2024-11-27T00:00:00.000,774
Marcie,Cross-group multi-state software,2024-11-27T00:00:00.000,845
Hayley,Progressive content-based neural-net,2024-11-27T00:00:00.000,288
Alvera,De-engineered attitude-oriented contingency,2024-11-27T00:00:00.000,723
Nanci,Pre-emptive intangible time-frame,2024-11-27T00:00:00.000,689
Rea,Vision-oriented full-range groupware,2024-11-27T00:00:00.000,713
Viv,Customer-focused multi-tasking instruction set,2024-11-27T00:00:00.000,254
Tamarra,Versatile fault-tolerant interface,2024-11-27T00:00:00.000,668
Jeffry,Persistent bandwidth-monitored synergy,2024-11-27T00:00:00.000,459
Gearalt,Open-source bifurcated adapter,2024-11-27T00:00:00.000,130
Hobart,Optional logistical contingency,2024-11-27T00:00:00.000,597
Ruthe,Versatile directional focus group,2024-11-27T00:00:00.000,145
Tedie,Open-source context-sensitive emulation,2024-11-27T00:00:00.000,149
Angil,Profound next generation support,2024-11-27T00:00:00.000,987
Whitaker,Expanded national application,2024-11-27T00:00:00.000,626
Barrie,Right-sized bi-directional definition,2024-11-27T00:00:00.000,797
Asia,Stand-alone bi-directional service-desk,2024-11-27T00:00:00.000,179
Leoline,Reverse-engineered bottom-line middleware,2024-11-27T00:00:00.000,822
Malia,Managed high-level initiative,2024-11-27T00:00:00.000,85
Jehanna,Visionary explicit attitude,2024-11-27T00:00:00.000,468
Anne,Implemented next generation approach,2024-11-27T00:00:00.000,658
Cleve,Optimized upward-trending info-mediaries,2024-11-27T00:00:00.000,587
Toiboid,Triple-buffered multimedia model,2024-11-27T00:00:00.000,90
Cleo,Re-contextualized leading edge secured line,2024-11-27T00:00:00.000,56
Scot,Public-key exuding toolset,2024-11-27T00:00:00.000,423
Husain,Profound homogeneous access,2024-11-27T00:00:00.000,513
Rosaleen,Triple-buffered real-time focus group,2024-11-27T00:00:00.000,572
Shanon,Fundamental intermediate complexity,2024-11-27T00:00:00.000,360
Inger,Extended value-added methodology,2024-11-27T00:00:00.000,575
Brittani,Right-sized foreground pricing structure,2024-11-27T00:00:00.000,99
Holden,Realigned contextually-based attitude,2024-11-27T00:00:00.000,195
Rowen,Switchable bifurcated product,2024-11-27T00:00:00.000,281
Derrik,Inverse dedicated Graphic Interface,2024-11-27T00:00:00.000,765
Berke,Enterprise-wide national data-warehouse,2024-11-27T00:00:00.000,182
Sherie,Mandatory next generation local area network,2024-11-27T00:00:00.000,987
Elise,User-friendly tangible database,2024-11-27T00:00:00.000,418
Leland,Multi-tiered intermediate task-force,2024-11-27T00:00:00.000,698
Yelena,Optional needs-based encoding,2024-11-27T00:00:00.000,471
Howie,User-friendly grid-enabled ability,2024-11-27T00:00:00.000,549
Kahaleel,Managed 4th generation open architecture,2024-11-27T00:00:00.000,789
Gavin,Synergistic zero administration productivity,2024-11-27T00:00:00.000,104
Willard,User-centric 4th generation productivity,2024-11-27T00:00:00.000,507
Derk,Public-key zero administration budgetary management,2024-11-27T00:00:00.000,174
Hashim,Fully-configurable radical system engine,2024-11-27T00:00:00.000,330
Noll,Up-sized exuding database,2024-11-27T00:00:00.000,234
Dotti,Operative multi-tasking service-desk,2024-11-27T00:00:00.000,850
Nicolis,Pre-emptive hybrid contingency,2024-11-27T00:00:00.000,401
Gusti,Assimilated asymmetric application,2024-11-27T00:00:00.000,224
Tonie,Advanced explicit moderator,2024-11-27T00:00:00.000,729
Clarine,Re-contextualized content-based alliance,2024-11-27T00:00:00.000,594
Colet,Operative clear-thinking orchestration,2024-11-27T00:00:00.000,422
Thurston,Progressive interactive hardware,2024-11-27T00:00:00.000,444
Kore,Grass-roots motivating matrix,2024-11-27T00:00:00.000,977
Pietra,Cross-platform optimizing core,2024-11-27T00:00:00.000,115
Ferne,Monitored full-range knowledge user,2024-11-27T00:00:00.000,244
Fancie,Customer-focused stable open architecture,2024-11-27T00:00:00.000,524
Burgess,Public-key exuding support,2024-11-27T00:00:00.000,732
Nathanial,Networked modular portal,2024-11-27T00:00:00.000,604
Ellette,Face to face 24/7 workforce,2024-11-27T00:00:00.000,567
Fonzie,Cloned 24 hour internet solution,2024-11-27T00:00:00.000,873
Zaria,Stand-alone next generation Graphic Interface,2024-11-27T00:00:00.000,703
Clare,Automated holistic open architecture,2024-11-27T00:00:00.000,300
Ingaberg,Stand-alone 4th generation process improvement,2024-11-27T00:00:00.000,645
Addy,Inverse bandwidth-monitored circuit,2024-11-27T00:00:00.000,149
Christophe,Sharable full-range flexibility,2024-11-27T00:00:00.000,939
Randa,Networked bottom-line ability,2024-11-27T00:00:00.000,204
Sayers,Synchronised context-sensitive synergy,2024-11-27T00:00:00.000,503
Cherida,Stand-alone leading edge application,2024-11-27T00:00:00.000,431
Curr,Re-contextualized client-driven focus group,2024-11-27T00:00:00.000,310
Gideon,Total context-sensitive core,2024-11-27T00:00:00.000,627
Erin,Digitized 24 hour projection,2024-11-27T00:00:00.000,193
Carling,Triple-buffered web-enabled service-desk,2024-11-27T00:00:00.000,73
Carlita,Organized bandwidth-monitored intranet,2024-11-27T00:00:00.000,547
Hasty,Customer-focused dedicated system engine,2024-11-27T00:00:00.000,393
Devora,Profound secondary core,2024-11-27T00:00:00.000,859
Gayel,Managed object-oriented algorithm,2024-11-27T00:00:00.000,58
Dougie,Reduced 6th generation hierarchy,2024-11-27T00:00:00.000,988
Roxy,Pre-emptive tertiary customer loyalty,2024-11-27T00:00:00.000,288
Hyacintha,Reduced responsive superstructure,2024-11-27T00:00:00.000,207
Cobby,Compatible intangible emulation,2024-11-27T00:00:00.000,633
Shelbi,Object-based attitude-oriented system engine,2024-11-27T00:00:00.000,164
Yves,Sharable user-facing projection,2024-11-27T00:00:00.000,456
Bartlett,Realigned transitional local area network,2024-11-27T00:00:00.000,456
Harold,Fully-configurable optimizing hub,2024-11-27T00:00:00.000,936
Neile,Multi-tiered scalable superstructure,2024-11-27T00:00:00.000,83
Hurlee,Advanced fault-tolerant open architecture,2024-11-27T00:00:00.000,727
Anthiathia,Fully-configurable multimedia open architecture,2024-11-27T00:00:00.000,143
Nikola,Programmable 6th generation Graphic Interface,2024-11-27T00:00:00.000,924
Tris,Optional logistical software,2024-11-27T00:00:00.000,747
Gawain,Expanded bi-directional database,2024-11-27T00:00:00.000,39
Buffy,Implemented scalable approach,2024-11-27T00:00:00.000,755
Isabel,Grass-roots logistical support,2024-11-27T00:00:00.000,369
Leigh,Reduced 6th generation structure,2024-11-27T00:00:00.000,680
Quintilla,Persistent transitional methodology,2024-11-27T00:00:00.000,857
Marnia,Versatile disintermediate adapter,2024-11-27T00:00:00.000,896
Tammie,Compatible modular Graphic Interface,2024-11-27T00:00:00.000,28
Hannah,Reverse-engineered grid-enabled model,2024-11-27T00:00:00.000,837
William,Streamlined well-modulated artificial intelligence,2024-11-27T00:00:00.000,282
Kayne,Sharable user-facing circuit,2024-11-27T00:00:00.000,490
Jorge,Persistent local structure,2024-11-27T00:00:00.000,121
Barbara-anne,Object-based methodical model,2024-11-27T00:00:00.000,541
Ambrosi,Centralized didactic structure,2024-11-27T00:00:00.000,916
Renate,Polarised systematic conglomeration,2024-11-27T00:00:00.000,404
Domenic,Multi-channelled value-added leverage,2024-11-27T00:00:00.000,727
Melinde,Monitored eco-centric encoding,2024-11-27T00:00:00.000,26
Frasquito,Distributed system-worthy secured line,2024-11-27T00:00:00.000,764
Jerad,Object-based upward-trending knowledge base,2024-11-27T00:00:00.000,833
Temple,Fundamental 6th generation analyzer,2024-11-27T00:00:00.000,247
Wilow,Automated human-resource paradigm,2024-11-27T00:00:00.000,836
Thor,Seamless incremental core,2024-11-27T00:00:00.000,328
Alfred,Stand-alone reciprocal implementation,2024-11-27T00:00:00.000,934
Arley,Robust real-time orchestration,2024-11-27T00:00:00.000,200
Homerus,Multi-layered client-driven methodology,2024-11-27T00:00:00.000,753
Davis,Team-oriented incremental customer loyalty,2024-11-27T00:00:00.000,951
Hailey,Robust reciprocal knowledge base,2024-11-27T00:00:00.000,449
Clotilda,Upgradable coherent database,2024-11-27T00:00:00.000,490
Cinderella,Distributed modular secured line,2024-11-27T00:00:00.000,930
Ginnie,Secured web-enabled application,2024-11-27T00:00:00.000,998
Gaylor,Networked composite encryption,2024-11-27T00:00:00.000,265
Tiphanie,Cross-group analyzing system engine,2024-11-27T00:00:00.000,291
Corie,Enterprise-wide mission-critical contingency,2024-11-27T00:00:00.000,261
Vale,Automated reciprocal moratorium,2024-11-27T00:00:00.000,126
Amaleta,Robust incremental task-force,2024-11-27T00:00:00.000,324
Purcell,Synergized discrete capability,2024-11-27T00:00:00.000,424
Gerard,Visionary system-worthy internet solution,2024-11-27T00:00:00.000,786
Eyde,Upgradable disintermediate algorithm,2024-11-27T00:00:00.000,327
Caitrin,Robust analyzing policy,2024-11-27T00:00:00.000,979
Tatiania,Multi-channelled asymmetric data-warehouse,2024-11-27T00:00:00.000,33
Shelden,Fundamental radical open system,2024-11-27T00:00:00.000,106
Odessa,Decentralized transitional matrices,2024-11-27T00:00:00.000,109
Rosanna,Universal real-time open system,2024-11-27T00:00:00.000,463
Laurent,Reduced encompassing framework,2024-11-27T00:00:00.000,245
Hillary,Devolved object-oriented methodology,2024-11-27T00:00:00.000,532
Den,Self-enabling actuating functionalities,2024-11-27T00:00:00.000,736
Sephira,Customizable full-range protocol,2024-11-27T00:00:00.000,898
Dael,Persevering client-driven success,2024-11-27T00:00:00.000,816
Burl,Self-enabling actuating groupware,2024-11-27T00:00:00.000,852
Huey,Secured client-server Graphical User Interface,2024-11-27T00:00:00.000,890
Maggee,Expanded bottom-line interface,2024-11-27T00:00:00.000,999
Augustine,Triple-buffered bottom-line service-desk,2024-11-27T00:00:00.000,157
Benn,Focused web-enabled productivity,2024-11-27T00:00:00.000,266
Cathy,Extended coherent support,2024-11-27T00:00:00.000,651
Patrica,Inverse reciprocal open system,2024-11-27T00:00:00.000,955
Kennett,Focused fresh-thinking data-warehouse,2024-11-27T00:00:00.000,728
Ailey,Advanced national hierarchy,2024-11-27T00:00:00.000,751
Thorpe,Reduced systemic matrices,2024-11-27T00:00:00.000,89
Mendel,Secured 24 hour time-frame,2024-11-27T00:00:00.000,863
Vittorio,Triple-buffered even-keeled system engine,2024-11-27T00:00:00.000,483
Isak,Advanced optimal forecast,2024-11-27T00:00:00.000,168
Abbott,Ergonomic attitude-oriented framework,2024-11-27T00:00:00.000,549
Ame,Versatile incremental workforce,2024-11-27T00:00:00.000,153
Levey,Centralized actuating analyzer,2024-11-27T00:00:00.000,708
Jamison,Seamless methodical circuit,2024-11-27T00:00:00.000,345
Sherman,Business-focused bottom-line definition,2024-11-27T00:00:00.000,722
Briggs,Right-sized logistical contingency,2024-11-27T00:00:00.000,817
Roley,Self-enabling 6th generation groupware,2024-11-27T00:00:00.000,534
Ario,Function-based real-time strategy,2024-11-27T00:00:00.000,324
Samson,Inverse fresh-thinking algorithm,2024-11-27T00:00:00.000,298
Aldrich,Polarised systemic neural-net,2024-11-27T00:00:00.000,252
Jaymee,Realigned bottom-line monitoring,2024-11-27T00:00:00.000,738
Riane,Cloned methodical standardization,2024-11-27T00:00:00.000,901
Denis,Networked optimal concept,2024-11-27T00:00:00.000,773
Vinny,Monitored 6th generation extranet,2024-11-27T00:00:00.000,547
Victor,Focused multi-state interface,2024-11-27T00:00:00.000,168
Mendy,Focused reciprocal portal,2024-11-27T00:00:00.000,498
Jobey,Networked leading edge complexity,2024-11-27T00:00:00.000,919
Ramsey,Synergized value-added productivity,2024-11-27T00:00:00.000,205
Deeann,Reverse-engineered context-sensitive function,2024-11-27T00:00:00.000,298
Teador,Enterprise-wide uniform migration,2024-11-27T00:00:00.000,436
Lannie,Advanced encompassing encryption,2024-11-27T00:00:00.000,213
Tabb,Cross-platform 6th generation moratorium,2024-11-27T00:00:00.000,870
Elsie,Horizontal user-facing local area network,2024-11-27T00:00:00.000,576
Tera,Diverse solution-oriented middleware,2024-11-27T00:00:00.000,601
Roscoe,Synergistic 5th generation forecast,2024-11-27T00:00:00.000,541
Gherardo,Progressive disintermediate knowledge base,2024-11-27T00:00:00.000,596
Adelice,Pre-emptive encompassing superstructure,2024-11-27T00:00:00.000,84
Farlay,Configurable regional neural-net,2024-11-27T00:00:00.000,667
Cinda,Fully-configurable 24 hour function,2024-11-27T00:00:00.000,656
Renae,Visionary asymmetric productivity,2024-11-27T00:00:00.000,98
Antoinette,Cloned client-driven forecast,2024-11-27T00:00:00.000,22
Cristina,Profound uniform ability,2024-11-27T00:00:00.000,662
