is_active,email,hashed_password
false,cweakley0@economist.com,"wU2""'=M>7*=KCi"
false,pboughey1@1688.com,hT5{DbIQSkB*}ck
false,mmacieja2@fema.gov,sO9`yvM3D%p9h*T
false,lklejna3@imdb.com,fX1?~a$`uA{5ryE
true,azannini4@mysql.com,hJ5|+)l9UmMa`B9
false,npowrie5@youtu.be,rO7}w}ib
false,llabbe6@epa.gov,sQ4_xWWUMPMO}AFo
false,rsmitheman7@flickr.com,nO1=.!Y<
false,dleachman8@nature.com,nW3*?!LYJVNVEd6
true,ksissons9@china.com.cn,lX2}?~HMU
false,ecamlina@reddit.com,eO1.pSj4s
false,mpontainb@usda.gov,cF0=JG94Q='lWr
false,chardagec@cnn.com,"mQ7,\x8uRTAzNV"
true,bmabeed@blogtalkradio.com,kS2.@rSto(+
true,hkobierzyckie@amazonaws.com,wU0}.RyE
false,udinnisf@domainmarket.com,"pV7`N""J}NY3pE"
false,cboxellg@acquirethisname.com,"jB6""2iGpX0VktG"
false,elubertih@spotify.com,dH3'Vx'G8p)>gFj
false,tceresai@newyorker.com,"lF9,kV~lJg"
false,lseillerj@slideshare.net,"sT6%BF?H""Ix~56f#"
true,bbamlettk@yolasite.com,hD4&gS9qYAdG$X%
true,bfeenyl@skyrock.com,lE7_X0~yiyaaf_i
true,ecressorm@archive.org,eY6}ufKJqKbThT?h
false,wbentsonn@walmart.com,kM2$9!BywS#T9
true,jtoopeo@unesco.org,fT0&UO)/
true,akettlesp@artisteer.com,"yW8&P|""p*5!1>"
false,kloveardq@toplist.cz,iC3.G*c8.s$
false,kbolwellr@npr.org,jG5{J?NFXB
false,emarielles@paginegialle.it,uP1@_32ay/>6
false,ppagett@businesswire.com,qZ1*z*<DRO>
false,mmcfeatu@a8.net,oI5%mYeQ=<Y2HhR
true,imonteathv@storify.com,tR9=!3N0o\GSq`h
true,vglasheenw@answers.com,"yU6`WcV+oY!!,JL"
false,dmaulkinx@shareasale.com,"cA9~Pe*l,m"
true,jduery@wunderground.com,dR7#6AX9Pz
true,amackillz@japanpost.jp,sS6+@1|z#&dm~
false,jyeats10@xinhuanet.com,qK1&vt<eJ{lEV1L}
false,iveldens11@vk.com,jJ9'j0JHw2
false,salcalde12@phoca.cz,nY6+S}57
false,mvernall13@list-manage.com,uH9<zz<Bma
true,mjakobssen14@pbs.org,cG7\$x<_nYCdA
false,egrinston15@pcworld.com,dX5*qoL$hoZJm'bF
false,cdurtnall16@ocn.ne.jp,iH7#UlN|/
false,amathwen17@vimeo.com,"oQ4`NBXy""4K4|"
true,deastabrook18@washingtonpost.com,hH2&y/_Fu0?=A0w
false,sdrohun19@about.com,mN3&Bi.*`LizC
true,bchishull1a@skype.com,"vN4~""c<>l/%+G"
false,ogartrell1b@rakuten.co.jp,rJ0?FgbJ
false,mstains1c@google.co.jp,"yQ5""Im,0\"
true,rwigg1d@e-recht24.de,fM3}0v}jlE
true,mrudeforth1e@vistaprint.com,qQ2/HzBa&o
true,tparchment1f@hexun.com,xA1}H!)'(F@onQWY
false,hgillian1g@squidoo.com,gA6%3~neDz
false,jcurrall1h@pinterest.com,"tJ7"".WP?1"
true,jmacalpyne1i@ocn.ne.jp,rM3#2w5.TREmM?m3
true,sgress1j@gnu.org,cR6'4/jfVIiT%
false,bducarel1k@wired.com,yJ3(=E\sCy'
false,smcguiney1l@jugem.jp,fH9&)YJ2j<
false,prosenvasser1m@linkedin.com,"dZ2+&,u<MI"
true,fottery1n@auda.org.au,qE7\J?ztYN
true,tkinchley1o@naver.com,"yP4,+c!d!h"
true,agilliam1p@furl.net,vW4%UrrX
false,cjudron1q@oracle.com,"mJ2""'f6Xn7CB$gqV"
false,cdosdale1r@flickr.com,iC3\Ht=.F
true,sseif1s@prlog.org,"gX5,w!R'nwO#!88p"
false,atetla1t@mapy.cz,"aU0,}z<cWkZA)"
true,lmcgrane1u@eepurl.com,rA7%?3a4$S9NO
false,atrusslove1v@yellowpages.com,eZ5@b0HacJ
true,bnutbeam1w@census.gov,wI3~Uf(}PYfJ
false,xlittrik1x@cbsnews.com,wO9/iJ7E@ixM
false,ddelgardo1y@cornell.edu,pD0!?9b{v=bcP*{
true,dbrowell1z@is.gd,xG0}*Q7}Tue
true,ktennison20@eventbrite.com,cZ7$\27o')Um+>
false,kattow21@businessinsider.com,lA7@72phxI#xQ
true,bstartin22@cbc.ca,"vU6,l~)!ae'"
false,plaphorn23@skype.com,bY6&oB{TBq
true,ecronchey24@unesco.org,"hL4>,,""j@2zkR"
true,rmcfeat25@paypal.com,bW2!t1fmU
false,clathee26@dmoz.org,dH8\ax6w
false,kmumbray27@github.com,hE7#hWM{?h
true,sbottini28@nasa.gov,zA9*PN%h=bbsai
false,rpaggitt29@house.gov,wE7#NmcTBuB<fGM>
true,strussell2a@slate.com,lB7>k.(N&
true,jmattecot2b@ow.ly,dA3'WKffS'r
true,tdomleo2c@hatena.ne.jp,mM8/_2OrbR7O
false,mdrage2d@taobao.com,fR9+Z%1`V{`5Xe
true,tlomasna2e@google.cn,rV3?FyU7V}}}
false,sbailey2f@constantcontact.com,qO9>ch&Pq
true,cashcroft2g@netlog.com,yP2?Gfv1yf~@2{E
true,mrase2h@who.int,"tY5@UEJ8,)E""+|sA"
true,anapoli2i@cisco.com,mB7|R50*lT#eD
true,ofayre2j@weather.com,vB6'eHfHf
true,amartell2k@globo.com,"jH4&?).}KDC@kX&,"
true,bdeboy2l@privacy.gov.au,sY8'w*v|YeApIt~
true,rjessen2m@blogger.com,zS5(NA0y
false,idofty2n@ehow.com,bY8/\z>9l!4A
false,dadrianello2o@meetup.com,lP8`SQu`_hIWW
true,lstart2p@furl.net,iZ5?2dHKK$
true,ldanilchik2q@princeton.edu,tY8?\#/}}H
true,adellenbrok2r@miibeian.gov.cn,eX1~n$@x`Z8hcz\
true,rhapgood2s@baidu.com,bX4~|58nq
false,eeivers2t@rambler.ru,"vQ9""B`,}{\{FV"
true,njohnstone2u@opera.com,"mB3_m|{|,Yd"
true,tetter2v@cnbc.com,aS0+!VoY$WJe6u
true,tgurney2w@ebay.com,"tQ6,5Xb8%k"
true,swhitmore2x@theguardian.com,tX3'V@)BKdiABze
false,dmarchent2y@oracle.com,qK3!J(?2$C
true,hcrosi2z@mit.edu,gY2<>@0=c?\(ij
false,jbuckthorpe30@goo.ne.jp,fC5`WIaD_N@CoXdv
false,hdrewitt31@topsy.com,qF4}muWyR24Gn
false,santliff32@wordpress.org,tK4_}*iW+O2
false,cdownton33@techcrunch.com,xA3$97d>T+y'
false,mwickmann34@bing.com,jE4'C2VyxIo
false,msheen35@soundcloud.com,bB8+NF|Lha
false,bbiever36@wisc.edu,"tW2~CvH_lRY),"
false,mgutherson37@forbes.com,mC1.Q4Ya
true,bkerr38@cocolog-nifty.com,mS6*/Aw|=0_5
false,hbeckinsale39@cornell.edu,xE6{MJe@5$iRgP$
false,bcardow3a@about.com,mO8(e(#P|y/(t
false,nsweynson3b@google.pl,"jZ3,!QRPz"
true,mcattlemull3c@plala.or.jp,oT9)z*6}}~JY?vo
false,astrode3d@japanpost.jp,tJ2}7vJhsu
true,pcolqueran3e@imdb.com,sM0$&zI}o&.*UT@
true,hpoli3f@yandex.ru,qD4*ks=O'x
true,vcornilli3g@cpanel.net,yO3(G\Kt=
false,cfiggen3h@parallels.com,aM3`GxzD0br6!eZ
true,jsambrook3i@archive.org,wT3%I&(>Y
true,ktooby3j@cisco.com,"uW9,d@e+/>"
false,jeastabrook3k@typepad.com,jR0=EPUL`<4F@m2
false,aaddinall3l@seattletimes.com,"iZ5`uleXHW,."
false,ccopestake3m@rakuten.co.jp,yT6\{b3z`hSP_
true,tklossek3n@flickr.com,qD0)|UB\I)cy
false,mminchinden3o@qq.com,"eW0'%Y""?|\b"
false,nstillgoe3p@phoca.cz,"fQ9,L!=u/a"
false,rheselwood3q@opensource.org,vT3`vR@?Qzo
true,hthebes3r@ustream.tv,bY4|pk(aX
true,rlarratt3s@netscape.com,hI8)%u9s|#
true,reldrett3t@flickr.com,"uQ1'G9X""K"
false,gtrinkwon3u@google.es,"eI9""sycz8a)5i7"
true,bcripin3v@mac.com,"hJ6}s,#T7s"
true,rbrennand3w@hostgator.com,xL2|TdAT%7KxQ
false,bwilcox3x@wunderground.com,dO0<4D>e
false,tcansdill3y@reuters.com,kU5$Yi664fmJ`p
false,mvalerius3z@ftc.gov,gE0}\Vu3I}~c
false,lpadbery40@slashdot.org,fQ5@Su$<%v\byG>|
false,maugustus41@github.com,tB6{ONOQss
true,rince42@meetup.com,cO0`of.vj.2z|w
true,smeiklam43@walmart.com,kV7@5mQtonJZ~8
false,mknapper44@boston.com,vF6&$6*gf
true,cdrysdell45@cisco.com,pA5`mcuyC9o
false,wseverwright46@technorati.com,bG3)ty!yDDICK
false,bparman47@alibaba.com,"lG9\5M)""p"
false,ckenninghan48@tripadvisor.com,"mV2""IV*8"""
false,dshipsey49@naver.com,qQ6*EQY`$/x'E%
false,awalby4a@topsy.com,uW1~rd(w54
false,bwanek4b@blog.com,xG1(kPja9iB*O$>
false,mbaythrop4c@acquirethisname.com,aE3&cHm8+_T$1#Q
false,bknifton4d@sitemeter.com,zY3!df\QZ
true,mhogben4e@example.com,rM7'=`+n(bD=h
false,memes4f@zimbio.com,oX5~7H6pb
true,erodgerson4g@live.com,uJ4*u*R~
false,dhaking4h@craigslist.org,eX1_K9}ga
false,tshimmin4i@tripadvisor.com,wE1\&bEEv`CG_G
false,skleinschmidt4j@buzzfeed.com,lN4(c'Tq1r?a
false,lbarbary4k@imgur.com,kI9'>vi37tTN
true,ntytherton4l@wired.com,vV7@O~&n1*g=1P
true,rrummings4m@mozilla.org,vN9)\xK#D
false,ylindenbaum4n@ibm.com,"iU0+,`w{QHlao'3"
false,mknutton4o@bbc.co.uk,vG4}xYeU+AH
true,ddikels4p@domainmarket.com,eZ2&'`h\K@f
false,azoephel4q@dyndns.org,dQ2$_t!T>Va*r
true,asmy4r@goodreads.com,sM7`pjK!cRudw*b
false,tbarneveld4s@narod.ru,mN9=%|/s#'gY)
false,rruston4t@amazon.de,"pC3,=%#KPUc5Z"
false,bflagg4u@latimes.com,aP4&U6/A
false,srenyard4v@independent.co.uk,"qP6'dV@o""S"
true,kdanes4w@sciencedirect.com,gB7<(tU!
false,khamshere4x@mozilla.com,xR5)Q9xZY
false,gspinige4y@networkadvertising.org,fA9_!lzSQ2jAHQ{
true,hhannant4z@wisc.edu,aR3$znUP0{ggxq
false,adaviot50@alexa.com,"gL0,pN65f,x`zd"
true,sbartolic51@umich.edu,yG4~3=?1joxv|
false,kmalarkey52@goo.ne.jp,"vJ9""QWP,'>c"
false,sdeferrari53@free.fr,"zB6,Bf$/<"
false,dklaves54@patch.com,"mA9|OSWk""oPpL"
true,ksaull55@php.net,"yN1<'=#`Y7G,"
true,dsmorthit56@tamu.edu,xH1#I_A$I)uBBvv
false,rmellon57@va.gov,hY0)<DMz3_jN
false,libert58@google.ru,yW7!2iLhV~x
true,zwitheford59@oakley.com,kB7%*HZdS?W2/E+%
true,rvannini5a@deliciousdays.com,cD5$bUKuveL#
true,abullene5b@weibo.com,"iV9~Su1,EonD8"
false,sstockoe5c@xing.com,"yS0,PV?*Bu"
false,akieran5d@pagesperso-orange.fr,oU7<knrU\eGC>j(P
false,mizakovitz5e@vimeo.com,dB5)qHbIpnZ
false,ecoogan5f@sakura.ne.jp,qA9.~=z{EorrA
false,cfranseco5g@moonfruit.com,"pW5,S%bFwKgs{d"
true,bmingardo5h@weather.com,"mU3/DSBH""1NJak}"
true,mcotter5i@nationalgeographic.com,fB5>RqKUPE60w#!
true,eparris5j@blinklist.com,zA4?wE?m
false,wlaxtonne5k@chron.com,"uC9>tTI.,s"
true,dcridlon5l@cnbc.com,mC8.{DMI
true,jberetta5m@kickstarter.com,rQ1=ndC}r8ElSN
true,krispine5n@cbsnews.com,aC6+Eow/gR\cb%%
true,skettlestringes5o@vinaora.com,eJ4%P6QZ|gc97h
true,sdecourcy5p@wired.com,sR3&5*=kG\AAJj
true,hbricknell5q@salon.com,jP1&kHpv1Z
true,amuffen5r@com.com,cX9|<qU6u2`p|
true,ehaydney5s@yolasite.com,"hC7=}Aaf&P"""
true,ahiggoe5t@typepad.com,pM0?#irK'kuN?pG@
true,dbisgrove5u@paypal.com,"yZ8,njoO\gQcF6*q"
false,amackenney5v@nbcnews.com,dD0'g0~Y#mV\
true,ctincey5w@simplemachines.org,gB8?0BEbzb+=gg'i
false,asiss5x@networkadvertising.org,lP8#KbO#=|QK.
true,smacculloch5y@whitehouse.gov,aF1_fJVBPM>aX
true,docurran5z@blogs.com,dH9~6NZOJBWB
false,hpitkeathly60@networkadvertising.org,"kE4,A<hYeulW{4I{"
false,lmordecai61@desdev.cn,vD3=S`F|zGIzW8?
true,lorrom62@bbc.co.uk,xA6\EP'>n'K
true,cmaberley63@artisteer.com,kZ4(Tb6+6qHp*
true,mpeerman64@51.la,wN2*yewYt(o<9('Y
true,fdanev65@amazon.com,cD2|<l1j>5
true,rvautier66@imgur.com,nK2_FUc/6X
true,sgreschik67@redcross.org,eG7`t{V8wo
true,mughetti68@flickr.com,zM2!Y4RZB
true,jsmeal69@friendfeed.com,mJ7=$1Jpzp
false,chowatt6a@vk.com,"iA7,7(OF%4TsX"
false,jskottle6b@ibm.com,sJ2+8a.4
false,mbozward6c@rediff.com,jH6$Dz%WD>7M
false,rgilders6d@earthlink.net,yG4!#4bH#4u<9tzH
false,smacvean6e@hatena.ne.jp,zH0`+cc0maQ/cp
true,jlongman6f@soup.io,eU4)RbRV=
true,ctebbut6g@google.ca,"gL2+ET7,em9"
false,kdevin6h@google.de,pY2`7vZz+LBI
true,groseveare6i@trellian.com,"fA3/,a4*"
false,jeddis6j@booking.com,"xG9&dTbzXwF!""}d{"
false,dmaher6k@weebly.com,"rP1%=dVZ.~?QE,5"
true,fmatusov6l@google.nl,bO8`h{T~CSOK\.
false,ldetoile6m@bigcartel.com,wN8(?~F/lIaB
true,estruttman6n@wp.com,vT0\#jnwm
false,jclow6o@howstuffworks.com,"wT8~To6""y(nv$Zu"
true,ejakubczyk6p@usa.gov,"gE4=,rK)4$<)"
true,egolde6q@dagondesign.com,dB8}vO(r/<|fK6
false,mrutledge6r@fc2.com,cY7?~j8*)
true,wschapero6s@weebly.com,"eN5,NB>hOV,h"
true,medwicker6t@paypal.com,"lY0?$n>2hhf+#@T,"
true,hthornhill6u@networkadvertising.org,"qY4>b""F4rwaz"
false,jhatje6v@chronoengine.com,"eZ1""wk9LHg"
false,csheepy6w@auda.org.au,rQ4(uPR2v
true,speschke6x@parallels.com,mS0_\2$sxX4)!{zW
false,jackred6y@typepad.com,uW4'f%=l8K4{
false,ctokell6z@ihg.com,pC4'DbQEZ
false,bmullane70@meetup.com,"eR9""2|keqz`j"
true,moffner71@clickbank.net,cB8`3y>aMS%
false,nemmanuel72@aboutads.info,"oS3$,B(O"
false,wattril73@ask.com,tQ3`NA4M}h
true,djeffryes74@utexas.edu,tD5@y0+3
false,nmurray75@howstuffworks.com,sV4|n=0~+
false,ndanett76@unc.edu,oO9$>7%T%
false,jjozaitis77@reddit.com,gG9$X9_%B&q9e
false,ccana78@istockphoto.com,dT9.De.0Slkfo6!e
true,ncranmore79@sogou.com,pU7!6g(\c_B#c`D
true,ndesmond7a@bbb.org,"hO4""%NEIAF"
true,bwooderson7b@bbc.co.uk,kD7`)0.m
true,cgething7c@so-net.ne.jp,nG1'Da3T(`fL%
true,kferrario7d@ovh.net,bW5'Na|d3
false,dluna7e@dailymail.co.uk,"rV4)0>EG,"
true,lbetteridge7f@technorati.com,iM2_q'{klB
true,aspolton7g@japanpost.jp,"cS4""1kv%)oHHjh6U"
true,pudie7h@independent.co.uk,jO6!q/9e`yg
true,gjayme7i@hostgator.com,bZ0&Ozrq
true,fhowey7j@slate.com,pK3%7fBz.(Kb*
true,nmcsweeney7k@amazon.co.uk,"vN1""ThD>Ko?'"
false,tedling7l@technorati.com,"wU0%,*RY1"
true,dsonger7m@friendfeed.com,iB9~pC%X?W!H8+
false,raltamirano7n@census.gov,dQ7/\3M*5>>06#31
true,zklemencic7o@globo.com,nR5<SfeZ5M(
false,liggo7p@shop-pro.jp,bS9*FWo41
true,ljulyan7q@bloglovin.com,wC7&wJr@bzlTd$P3
true,wsausman7r@mail.ru,hU6<5.3U
false,ojumonet7s@tuttocitta.it,"tF7""G#XwSMzC?b#k"
true,geles7t@epa.gov,mL3!46lbR6G.|0zE
false,lciotti7u@wordpress.org,fW8/IxE<j1l3T$>
false,edowngate7v@hatena.ne.jp,oP5`(X9>ASN|g
true,ievreux7w@usda.gov,xO7%UJHT1HJv5
true,fromain7x@angelfire.com,cP1+N6Zo&MM
false,bmallya7y@sphinn.com,"xJ0/NS0,l"
false,fthundercliffe7z@arizona.edu,oP3.Y&M=MA
true,sslaght80@ifeng.com,iN4\VVB_yFa0ON
true,zgildersleeve81@webnode.com,hW4!KYuk)uQ
true,chuxter82@europa.eu,aV8*hy(gH?
false,ageaves83@opensource.org,fH1<~~\1##\=J@{q
true,dpitney84@sbwire.com,qE5~4KzY|
true,akneller85@mlb.com,gG6$Tx|s&~7
false,jargile86@mayoclinic.com,"aL1?<2rCF""N5?B~0"
false,tgorger87@quantcast.com,gJ0&/*)qFYgW@Q
true,cblandford88@linkedin.com,"gA7""vrE.yf#jx)I"
true,nbeiderbeck89@reverbnation.com,jL2+@fmua.DI/c
true,emacmurray8a@storify.com,"yO5}e}@{H!+u$L""P"
true,ccowie8b@infoseek.co.jp,qA3&bWXKz2VuwDg
false,tbrennans8c@adobe.com,"kO2.UtH3Zx_!BLq,"
false,rschurig8d@digg.com,bP7%390&4h2Q
false,tmacdermot8e@flavors.me,"wP1*,%,pjV2Hef&"
true,hjambrozek8f@networkadvertising.org,pV1\F8q\@?l{GK<
false,jfenne8g@google.com,kT6{*QfhKS/9MZn
false,akenelin8h@upenn.edu,eB7(#>e'
false,ssamples8i@biblegateway.com,gX1+)xuY<#fuiKs
true,ggothup8j@baidu.com,"iV9@o<,o"
true,kshearmer8k@amazonaws.com,bH9.XzB_D7BJ
false,olouth8l@bigcartel.com,nN1&+*M0A37UF
false,gabbado8m@weebly.com,"pP0""dj=RD@M4Y81"
false,jlipgens8n@blogspot.com,"zI5""j3(Gv"
false,llydiatt8o@google.nl,yC0.'rbU
true,tfarnell8p@usa.gov,"eJ8'mryKK_,pr"
true,ejenk8q@sogou.com,gZ7_fG@Ed</
false,lwaldron8r@arstechnica.com,tT6.JcV'`FQmp
true,ssharpling8s@yandex.ru,vR6<Bqn1J8
false,dcolt8t@angelfire.com,qB4_8%q$DCR
true,mgantzer8u@omniture.com,wM8!#6(F6TNog
true,calibone8v@disqus.com,fP6}=Y{u
true,apeddar8w@1688.com,nW9'~'H2Om8{ry
false,bgamett8x@uol.com.br,wE7=LF+&L
false,bmatyushenko8y@gmpg.org,tZ1@x'y@
true,lciciari8z@slideshare.net,tC3{mV\DULKu$3>#
true,sdonovan90@yale.edu,yN2@wmUpnm`{&
false,ceacott91@geocities.com,gU4%gxz_feshH%By
false,ofoxon92@freewebs.com,gN5%5\xrF%u.l?
false,gdanby93@dell.com,"qK2{R6s\d""JHm'"
true,mcockarill94@merriam-webster.com,cA6!u@aqeFSW
true,aflounders95@cdbaby.com,"jI3+z*V,"
true,dhalgarth96@apple.com,xZ6+#T1p1A`+5
false,dbarabisch97@purevolume.com,wD8#R<#rq7HAIO?
false,dsheircliffe98@elpais.com,nL0?Zc!yHKJvZSN
true,imariette99@macromedia.com,"xJ2,6Yc4rJn\2'"
false,acarlan9a@adobe.com,"hQ4&jk?,YQHYH"
true,smabbutt9b@xrea.com,pB6!6azyqXdl7
true,vkibble9c@photobucket.com,hO4_I\n'qPc
true,ahamblen9d@clickbank.net,hJ5>E~'1&{#
false,mmckean9e@xrea.com,aY8\X\3oWG<WqX#
true,femma9f@cisco.com,dE1$HD4h</}
false,bwindram9g@networksolutions.com,"aQ4?g<,VD4"
false,ipiesing9h@github.com,hS8)I_m+P
false,hhanway9i@bloomberg.com,aO3|x{d2Q=0Leo
true,pkynd9j@tmall.com,iM4?@3dek.
true,irowston9k@dion.ne.jp,tA9`DV~R1(H2
false,ltoderini9l@state.gov,mZ2%lET#lh6
true,kblaze9m@facebook.com,aX2'jPFqBb&0
true,phaggath9n@flickr.com,yN9)llwP.w~kt
false,jfolan9o@acquirethisname.com,lH8+BoQ7U*g
false,bbeardsworth9p@wisc.edu,aH4*+J/DCHJy
false,fpasby9q@ucoz.com,dN5<6pntp~N8/I
true,ncapenor9r@fema.gov,aT3@+>y5UCMdj
true,slindop9s@is.gd,oZ3%(y8KA
true,tbarme9t@xing.com,tU0\q87&hFi
false,ballen9u@ca.gov,wT4<>U5B%ZE
true,jkornilov9v@fotki.com,bV0?4_jDV
true,jramalho9w@whitehouse.gov,xZ5/IfS+EY=2Rhx
true,qplail9x@pagesperso-orange.fr,fX0)IL}e
true,bregi9y@google.cn,gE0}4(k6
true,rohagerty9z@epa.gov,mL5!>dLOzX7~?
false,sriddocka0@furl.net,zW8!uuwki
true,agamagea1@webeden.co.uk,fF8/Mz|R=R<Lyq~
true,dfacera2@vimeo.com,sS1=7*vH5nIE7b!
true,dmacewana3@wikia.com,yV6*H!O&_A8)yjJq
false,lfranceya4@webmd.com,"lG8,KyXW"
true,flabella5@a8.net,qG6_RmY_j<>|obC
false,lrobersona6@dagondesign.com,yE5?D\zgNl4Iw<
true,imchirriea7@adobe.com,kL2}s(()+bb.9e+
true,fdoicka8@drupal.org,"aS0?=N,O)?&t"
true,emcveigha9@blogs.com,hF4@/)&?J\sO
true,nmcclearyaa@360.cn,zK5)8gbx*+fN
true,cswaytonab@google.it,"jZ8%S,dt5X}XC+_|"
false,jhameac@reuters.com,iF9|hN2yAsO+9.E
true,swindrusad@myspace.com,"dL5!D,Jkw@u"
false,ggouthierae@theglobeandmail.com,pL1|5EltxTEIQ2
true,adezuaniaf@intel.com,pJ7&Vo5J
true,aboyesag@vimeo.com,gW7?g+3OSbH&
false,fblizardah@pcworld.com,dO8|$~s+&V\H9oG
false,bmcauslandai@360.cn,"nD9/E!YhB*34,?"
false,dmacconnechieaj@usnews.com,rY6?i1E05Np.R
true,vlagaduak@utexas.edu,gM7?MiuE0~Z0ji&?
false,oavissal@sphinn.com,dN1_3)6hT
false,dbrekonridgeam@hc360.com,"lR8/4URi(r""Ww"
false,cheatleyan@stumbleupon.com,iE5*.il1
true,egoncavesao@tmall.com,cC8.DA#=
false,hfassap@dot.gov,sL1\__*w70V>Wf0
false,jleethemaq@clickbank.net,aT6?dgsVh|
true,rcobleyar@hud.gov,cX8<Lx}`U95B$=
true,mhachardas@google.de,wI4`79>1>+C8Oc
true,mcastroat@friendfeed.com,yO9&i>3@SiW
true,apundyau@4shared.com,pF1\Ou&q)}3
true,amacveighav@admin.ch,fI7=Nhsz_{&j+vBV
true,ngatchaw@tinypic.com,nN2?iE{Wu@KezYz
true,dsuattax@un.org,"pA5,aj+st"
true,bgaughanay@sakura.ne.jp,cE9#W{|lr
true,ggaukrodgeaz@zimbio.com,"uA2&X,*e,W!"
false,rfoulisb0@google.com.hk,pD3#.yTFsEy_R_?M
true,rbibbyb1@sun.com,eU8/&@cQ
true,swhitmellb2@example.com,sA3@j*_kQ@XO`0qe
false,tvamplusb3@sakura.ne.jp,vP4`}QCS`exzt%
true,jmcmychemb4@msu.edu,nM3.\unb
true,mmacredmondb5@lulu.com,mF5$tVhtOu
true,rmishb6@nationalgeographic.com,rF0'T6hR
true,bmarchandb7@booking.com,"oU2""a&tqeZ~Q/+"
false,ckeeleyb8@friendfeed.com,"vU7,\xTe<@C"
true,kjimmesb9@hibu.com,"aG9*,MKwd552C"
true,gwadsworthba@smugmug.com,oN1=zd@L
false,mhamlybb@youku.com,nP7<5Y1&gl@Lp<t
true,dbrameltbc@un.org,"mM3%91,.>upQF""D9"
false,rboonbd@virginia.edu,aP8{=mfr
false,ygregorebe@yolasite.com,"bZ6"".&|nMI00"","
false,ezottolibf@mit.edu,eU5+OWm?
true,llawelesbg@bbb.org,bR4*lY6aikLgW
true,shousenbh@businessinsider.com,jE2><LKM$yAL0
true,jphilipotbi@java.com,"nU5_$m=L,&"
true,hpenmanbj@house.gov,qB6.uPortl@
true,tantukbk@google.com,"dT5!%""x""q"
false,kobingtonbl@aboutads.info,bR2\0(nsI_R
true,rquenbybm@dailymail.co.uk,wD7+44<|'=j
false,dsalkildbn@dyndns.org,gB2=xK*)O(C
false,sabatebo@tinyurl.com,zI0>}hhg7L!3
true,agrisleybp@ask.com,nC6#SQh3c
true,cmongeotbq@addtoany.com,uA0.7nAonTZD8)N
false,pvanschafflaerbr@mit.edu,pW3'OXcAhZ|%
true,bdalgetybs@goo.gl,fJ3%|BPUFK?
false,ajevonsbt@abc.net.au,aF9%TL5N/T2c
true,dwatkinsonbu@reverbnation.com,"yA0,>=K'0OkmB"
false,gkeasybv@gov.uk,qU5)A?moD
true,bcianibw@foxnews.com,oJ3<W%J\
false,lverdybx@springer.com,nK6`Cnj|
false,foleszkiewiczby@deviantart.com,iJ5`_C3X}
false,aparrattbz@w3.org,iR3$r?jHf?>A
false,cmellhuishc0@rediff.com,"iU2'dBuH7,"
true,fchetterc1@a8.net,jU5(xLUsKW
true,msherrockc2@va.gov,vU7>+5>DpcJL?fC
false,ctyrwhittc3@google.ca,lD9{xcP!(WH.
false,vripingc4@go.com,jH8+$$1'Yb/
false,mvainc5@arizona.edu,rB1$mw|cdT2bb
true,succelic6@ed.gov,"cZ0*u""7~"
false,jbrognotc7@addthis.com,uV1/kNH`/
false,pauchinleckc8@simplemachines.org,wN2?7|dLZNs
false,tdominighic9@rediff.com,uP1'p%RmtOEDkd
true,cnovikca@army.mil,gN3_/&SE$lMJZ
true,dsiddeleycb@ca.gov,hA2=eZ|rAcJGQrh
true,fnattecc@patch.com,tI5=U9ns/jja
true,cfilyashincd@reddit.com,"gL7,$?09PFkayP"
false,nnewlynce@umn.edu,"xZ5`Dvt6{EBw,md"
false,iwadforthcf@wikia.com,eD2&ExW/au
true,rretchfordcg@oracle.com,yY5=%H%y7\
true,rlornech@washington.edu,gF9&>{n}c_L
false,gloxtonci@mozilla.org,qP7{uGTpiIm
false,abuftoncj@gmpg.org,aI9%bzZL!
false,scongraveck@ox.ac.uk,zS1!Lvbowf`4C
true,cfrushercl@w3.org,fZ2}U!dI_k%e0
true,bconnorscm@ezinearticles.com,xA3!H&R0W_E
true,sgullefordcn@japanpost.jp,fL7=IUVe`
false,ztremblettco@webmd.com,iO1$}uNGs/lrY'+
false,ggarmentcp@tuttocitta.it,kJ4%8\l{2`k*<2y
false,ngorlingcq@amazon.com,"mM7""!Q<4|~oGCp"
true,rnannetticr@sakura.ne.jp,yQ0!'#bb~nvE
true,tcorwincs@alibaba.com,"yS6,B8C~j.+"
true,mmalitrottct@gnu.org,bM0=VJ)\2{VpDK
true,dbottomleycu@naver.com,dF9`d{F@sFWlqCUn
true,mduignancv@domainmarket.com,bY1=n%N4
true,bhampercw@bbc.co.uk,fO7~iw#2
true,etinstoncx@linkedin.com,mP5`2#CDr'0
true,zsnozzwellcy@noaa.gov,qP4=.1mg8%><
false,aalldrecz@icq.com,pR1{icI1o|%&Ur
true,ralgeod0@vistaprint.com,rG7{{y/c
false,nisaaksohnd1@yahoo.com,hE1>_$5pG
false,ttolmied2@jiathis.com,uA1`!dHP+wgYUik
true,hgallamored3@technorati.com,wN8\v`0dC7950r+h
true,cmoland4@live.com,oM9`{xVg=_PP<{K
false,dowthwaited5@wix.com,hN6<FdO_
false,bpeckhamd6@cafepress.com,iV0=cJj_\x
true,kstonhamd7@apple.com,"aR6""DPkR"
false,dtabbernord8@mozilla.com,mV2}_mG&6(?@nL
false,gettelsd9@google.it,kC0@*us7FPFc8
false,bcrollmanda@hc360.com,"kS1,7BsJ~"
false,esuggeydb@fc2.com,"sE6`i,oXc(J.Kf"
false,ccranmerdc@virginia.edu,oX5(E#\Hk
false,aklehyndd@sogou.com,"dY7@Dh+I"""
true,vrosenauerde@illinois.edu,kZ4/'6$R8&BuIA3I
false,tgrzegoreckidf@istockphoto.com,bA5%(6=8TTsH?
true,chenlondg@aol.com,tF8%$\*{nCh$
false,ccoiedh@ovh.net,sR1\{!2zC
false,jkolakdi@dedecms.com,"wA7{,igc//+O6k>"
true,afermoydj@dmoz.org,xF6>r>Xr?Ec
true,gharviedk@admin.ch,nZ8<#xzrxRB)
true,khabershondl@sakura.ne.jp,zU9|Ujz2
false,ahyattdm@ucoz.ru,cV4~dvA.Ezi|#
true,kwealthalldn@bloomberg.com,xM2)+wbkQGz
true,rlomanseydo@apple.com,"dQ0(hcg@xu,tNh"
false,fstorckdp@ca.gov,pR4!mL2TZ\w|
true,gphilpotsdq@canalblog.com,bG8.`5a?D`
true,rvarleydr@scribd.com,"nN9""%e$\}dA"
false,ahodcroftds@is.gd,lU6+H!EhxbmYde
true,areubensdt@vistaprint.com,gA7<4*nVs?
true,mahmeddu@blog.com,hH9(K{P'
true,smanstondv@pagesperso-orange.fr,wE3<Ca}7e.m3
true,smacmurraydw@nps.gov,uC5.%8<9u
true,fmcgivendx@blogs.com,"lT1,(\z$"
false,lzavattaridy@google.ru,vG5&'Dqv8
true,jdrippsdz@yandex.ru,jS9_UA`yHP
false,gsnowmane0@psu.edu,mP8?t/LMoNhmQ+
true,shainse1@mail.ru,fQ7<@y'e.b)'@
false,nharcourte2@blogspot.com,nR5.Xg_Xqpj)S9
true,gmattersone3@amazonaws.com,dL9<jf9mkD9WB(
true,pledwitche4@nhs.uk,"jH8!O2.O""z2RY,&"
true,pbowatere5@salon.com,pQ3&&&#Nh.e
true,peastmente6@sciencedaily.com,"uQ4,I?l|QCH|p?+"
false,salexanderssone7@mediafire.com,rI6('sq)/vUfN0
false,ttwatte8@shop-pro.jp,cO6~OI?uoVslcF/E
false,bwoodgere9@istockphoto.com,"dU7)KlpnU""tB"
false,gshearwoodea@mapquest.com,bZ3@\PcmW8aa
true,gdominickeb@ebay.co.uk,iV7~Q(9?7d)
true,aslaynyec@seattletimes.com,lE1=H'*JGMn
false,ebellinghamed@census.gov,"wO2\B,u}@%'f"
false,sgilffillandee@opera.com,jM7.)U8Xk
true,schamanef@illinois.edu,nA5%Ug`3
false,nvandrilleg@topsy.com,yB2(<o9c!uN*W
true,mdystereh@nature.com,jQ9#\8#jU`X.Uy
true,agoodei@wunderground.com,"vZ4+""3,ji`"
false,msparksej@youtube.com,zR2$>.aYUQB
false,dholburyek@statcounter.com,"mH3,rsW%"
false,sjacklingsel@uol.com.br,"jH8@7""l*S&SB?"
false,jjazeem@joomla.org,sR9|yOSyK_>l~*
true,vjudenen@comcast.net,sG8>_}@=X
true,khannaeo@ucoz.com,aR9_%J!JsD(r<nY
false,nlapreep@state.gov,dX3}B0$U75
true,schomickieq@moonfruit.com,bD7=<u)zC
true,nhemphaller@apache.org,fR6##!=*#vl6F9)H
false,mbrockiees@fda.gov,"gS8""pzrM+"
false,abenieshet@nhs.uk,yE0&}fM>
true,rkryskaeu@seesaa.net,sL6?U<b(HhrK_m
true,psulmanev@miibeian.gov.cn,uI2`o3J`SofF)}F
true,smacnameeew@bravesites.com,fW6_74//\HTbMv
false,gjosephiex@devhub.com,bB1}|v\3
false,fmacclanceyey@ucsd.edu,"dU6,""R+CV7%o"
false,lkhadirez@nytimes.com,pC8*Vqk9Q1h
false,ftiltef0@friendfeed.com,rH4&Dw/B
false,swybrewf1@gravatar.com,"cR2=""},uvSt%+f"
true,bpinnf2@slideshare.net,wJ5#dPSORa}J
false,hmavingf3@php.net,oK5)OH$V6rF
false,escripturef4@goo.gl,"iQ8+0MbQv,2+<PnT"
true,rbealingf5@npr.org,bB9$8Np4*!
true,gdonnellanf6@ow.ly,rD8%b2%ME+
false,hmatignonf7@homestead.com,bB5/9`5|K\
false,rlargentf8@mapy.cz,dY9<@p\PEM6tT
false,mgippsf9@feedburner.com,yQ3\2Ww!ht\iLYdM
true,gslitefa@dyndns.org,"uO0<gsb,>GUs"
true,vdobbisonfb@seattletimes.com,"oT6*""<8nH7I""WLS1"
true,jreasonfc@multiply.com,"tQ2,72)mz/k"
false,kgowarfd@indiegogo.com,yH9%m{0W&n
true,wsplavenfe@xinhuanet.com,iT7@5oug
true,cdunlapff@timesonline.co.uk,aS0}S|88aDAn/rj@
false,kelwoodfg@dagondesign.com,oC3=OQYDh
false,rglassardfh@samsung.com,cB7%?eA<r
false,wgregoryfi@barnesandnoble.com,oG5{4g0NaFFn\.
false,wlowseleyfj@timesonline.co.uk,yI1@uA2S)
true,docorrinfk@nih.gov,cS1}O?IRxGn0.
false,myolefl@statcounter.com,"uL1\\XHek\""@Le2"
false,gmushetfm@princeton.edu,aD6<9@U?>iy3%Se
true,bkroppfn@prlog.org,dB2&n*oP8cC8
true,agebbiefo@mlb.com,"rH2>5}""`\*3J"
true,kraubheimfp@sourceforge.net,pR0('x+4G|khdo
false,mgaytonfq@nbcnews.com,sG5&dnX1fXm&gM
false,ebattesonfr@yellowbook.com,hN2>'Kl?}u/DaO
true,emaccriefs@live.com,lW5%bBdn~
false,eetheredgeft@t.co,hT6`nbT%_
true,mcogdonfu@slideshare.net,xB9$OSuxRlQKj.\
false,mbonnickfv@nih.gov,fS6=xUaL+)
false,bmcanalleyfw@xrea.com,jU1.#~Vj28qNi\FN
true,hclixbyfx@yellowbook.com,iX6<e6O(0B
true,ibeneixfy@com.com,rH7>f%wXBiN
true,lailsburyfz@chicagotribune.com,qQ5||#@*
true,ikrahlg0@yolasite.com,mF3_z!PMoFX1X
true,corpyneg1@csmonitor.com,jW4\X5*hPPTB
true,bbraideng2@springer.com,"sF4""5oc!CiH!`F"
false,lspatarig3@abc.net.au,xX4$1W3X?B$s&
false,mpeschkag4@icq.com,sA3)T}3XO'wW.|
true,tmbarrong5@vimeo.com,cK9>|4DzW<*'c
false,ascowcraftg6@usnews.com,bA8@Ve\ve!Pae
false,nbuckettg7@chron.com,oG0#lAjhmG)pq
false,kwandrachg8@prnewswire.com,hT0!hkRwCM
true,acanizaresg9@msn.com,pD7`L+=Q
true,vsmallpeacega@state.tx.us,"wI0{t=blJ8V""0"
true,rgrindleygb@ustream.tv,qA5|vxI\(
true,vzannolligc@freewebs.com,"qR3$@5zxmQlwj""Ar"
true,jmacmakingd@umich.edu,oZ9@38FG7m
false,tboggsge@ehow.com,zE2$OW'KCeAQ3
true,mstempegf@zimbio.com,aA4/R#FRzF}Mvb1V
true,msinesgg@addthis.com,"cJ0,FU'ya?nV|'"
true,kmonangh@pcworld.com,oX7}TZCupO
false,cwoollastongi@ebay.com,jN2\{Yb/y1&nV
false,ybardaygj@indiegogo.com,hF5&b@n&+fK
true,ldietschegk@statcounter.com,xM0=\1!pZR2GV
false,ptinglegl@friendfeed.com,yK8_gM%A33V/
false,cplanksgm@jalbum.net,wL5+UmLKoM\PKh
true,shiggonetgn@hud.gov,"iL9""LO2_~OF?_J"
true,ibinniego@google.nl,xS4'uB#oG0D@*
true,bcornwellgp@hp.com,gP0'e{S~kSNV'2
false,bthompstonegq@utexas.edu,oI7_'U~m
false,dboddygr@instagram.com,cK4\sj/$
false,lpickavancegs@slashdot.org,aI0'7g\}d
true,aollandgt@edublogs.org,"qQ7@""6wwUG"
true,bduffreegu@liveinternet.ru,"eN9""#quxg'!~"
true,bfergiegv@macromedia.com,"qH4&,s77#X&c"
true,lpippingw@eepurl.com,tE0{Es5Jc)x
false,mkarslakegx@wisc.edu,"bJ2+&7`9F""Az}=PI"
true,msoeirogy@multiply.com,"zR6""Z{yFwgte"
true,kmctrustygz@salon.com,vX1!#UbE+lF{44n
true,ailymanovh0@themeforest.net,zF9`j3rpE
true,nbrianth1@yolasite.com,"fL3""uT*5X"
true,gboydleh2@github.io,"lG8""HLy#"
false,rsoulsbyh3@senate.gov,vY5.#APsfw7
true,acranhamh4@huffingtonpost.com,kN0<8=g$
false,gnaveinh5@businessinsider.com,gW1/'kh?BU0
true,lmahmoodh6@slashdot.org,fI5|wJF8bu'2jP
false,uashbeh7@instagram.com,"tB2@*,Ly3)OV"
false,lrodgersonh8@timesonline.co.uk,"hX9,=K""hUiuoKCH"
true,ktowseyh9@topsy.com,xV7~Mb}93&
false,rfardenha@prweb.com,dC5\7$}O+<q>F#zS
true,uebbettshb@ask.com,"yA6`p*e@x},"
false,mscobiehc@youtu.be,nO2}#RnU5%.
false,bskydallhd@newsvine.com,qZ1@)cI(T*v%B
false,nibbitsonhe@ucla.edu,aX7)@}c9eR?@
true,mgounodhf@google.com.au,pS2)B)2#Z
false,jealleshg@ibm.com,kR5~56C_6GIUTX
true,cwoolvinhh@google.com.hk,xN1|(9oX{2hM3H
false,jsimahi@rediff.com,iT3$WK||bu+P'
true,fansterhj@amazon.com,tZ7@d0qORn\O|
true,cmelvillehk@cdbaby.com,"lQ7""e6CCT?WE&{"
false,llupartihl@ca.gov,nK3`}z_uLMSV
true,gcellerhm@tinypic.com,"rY1*,""m&7fs7"
false,cbambhn@mozilla.org,"xD5,vsvSU.Y7\oz@"
false,btibbsho@opera.com,"dR2?h=R'>OF""hc"
false,wtessierhp@yandex.ru,"eR0$3}XH,ZPrBj"
true,bbaglinhq@soup.io,oZ2`4IE)&
false,wwinterscalehr@engadget.com,aI3(YpV4'/80
false,imacgheehs@macromedia.com,lE6.$6.~8J*K@
true,lcroydenht@rakuten.co.jp,sQ8*{(KvAU*x#.
true,snesbethhu@printfriendly.com,zQ0<dR#nZ}f
false,dtolleyhv@list-manage.com,lL5`*NrWKb
true,fblazejewskihw@phoca.cz,eJ1\LiWEi1O<No}k
true,dtaithx@liveinternet.ru,vU9)2@TjiRx9yre
false,smondayhy@mediafire.com,wJ5\HG{44?|
true,smcfiehz@vinaora.com,rB2(_gdrq91#Uoh
false,dkroliki0@china.com.cn,"bL2,j<6V2t"
false,abignelli1@seattletimes.com,qW0=xB9K
false,msinclairei2@wikimedia.org,fM4!w{v_Phg*I.G
true,ecuphusi3@hao123.com,aX7/Yq@U|hZlR!O6
false,bclawleyi4@usnews.com,nI6~Z48(
false,tjennoi5@dot.gov,"mI7>,5""+cm@U"
false,ecopleyi6@sourceforge.net,kU5'Df3veFfmEhgD
true,hdevonsi7@scientificamerican.com,xH1)5lFzOO
true,resleri8@google.co.uk,nX3$8%d6Ryn)va
false,jskipperi9@ox.ac.uk,yV7?`Nj|
false,sedrichia@redcross.org,jZ5=Yfe&=
true,stinwellib@omniture.com,zG7)s3z@WJ7?`!Sr
false,bjevonic@shareasale.com,tY4+0)h|v(Ca=|
true,rwhewillid@washington.edu,"bF1,85JZ>>hhWj"
true,egreasleyie@over-blog.com,yI6.B+)cM@l'5
true,bplewrightif@tamu.edu,"fK0,B_&H"
false,mbamberig@bing.com,uU0`gFBgDDm'G(~+
false,ubickerih@shutterfly.com,oY3$Obqd\ZL
false,cgrayshanii@cyberchimps.com,cZ5<qkp?b{b
true,gleistij@friendfeed.com,rA0'xdpdTVrSK
true,spagramik@hostgator.com,nS9/8lP/wSdJqk
true,sbirdsil@mayoclinic.com,"eZ5$&`<`{S,r9`"
false,cliebrechtim@simplemachines.org,wL5%Q3+zI7P*&
true,zaichesonin@berkeley.edu,"sY6(""DizQ>E>""$mF"
false,swaleio@icio.us,nQ6+$h_Osi$p3~(X
false,cmingusip@adobe.com,"xT5`""i{@=bfBZXj0"
true,bstanyaniq@walmart.com,rE4!=YI5P44y!
true,lhigganir@oracle.com,cA6'2XPVn~4r6ZW
true,ikissis@wisc.edu,pB9%b1s`
true,swaggattit@vinaora.com,sY1$5?ga641~
false,neasterbrookiu@t.co,sE2'5PWcAh3'
false,dgoresiv@guardian.co.uk,iB2/udmw+mJ({
true,mharcombeiw@amazon.com,"gY6""Esd|\cV|7,O\"
false,fklimovix@mac.com,wN6=9&L@Ac6d0p<w
false,khundleyiy@1und1.de,kA7#Mdn79?lj
true,gswatoniz@mail.ru,lY2.cu0{4_
true,mfaleyj0@xinhuanet.com,xI6\xZ6Bi`
false,cdevenportj1@jigsy.com,sT5#'i7bd#xxChI
true,kgravenerj2@umn.edu,wT0$)2E~&W1JB{
false,slarrosaj3@abc.net.au,"xR8""CSClci"
false,vchittyj4@histats.com,iN2(fJp&b3
true,llockhurstj5@digg.com,sL6)Y3fH)?
false,echattellj6@exblog.jp,dC2<>uPF0X
true,gcolmerj7@wikia.com,fQ4+ypp8{
false,obattellej8@ocn.ne.jp,oI5>A>*4lcVN$
false,cmacmenamiej9@ed.gov,rV1}Mk`+(!5)T)m
true,bemburyja@alibaba.com,"bX9<''*=,UQowd/"
false,tgeorghioujb@prweb.com,lY8?a.fMcY67Jf.
true,gyedyjc@istockphoto.com,cZ3()=R5}9kkk}V
true,lholwelljd@chronoengine.com,vL2>3zjE48'O+0
true,ajeanelje@hubpages.com,"hC7=ex%""36'qG~ZX"
false,vstolzejf@ameblo.jp,wW1|xu)3g
false,klaytonjg@comcast.net,sN3/i?kizxtBpnl
true,eyeilesjh@samsung.com,bV2!JgR#TCM0
true,ajesselji@mayoclinic.com,"iV0@%+Iux""CI|"
false,codgerjj@ebay.co.uk,bJ4_)rIKNGIY
true,iblaschekjk@goo.ne.jp,"qI1?+99Pe2U""KoD"
true,ohighnamjl@nsw.gov.au,xQ6(Ujo2?QdsYFZ?
false,nbouettejm@desdev.cn,pC3%eq3S+
true,rfillimorejn@lulu.com,tM4=vtgu<.%Sr
false,lduddlejo@huffingtonpost.com,dD7*$fCk6
false,cwhitfordjp@symantec.com,vD4#ypNOT
true,mdrynanjq@xing.com,jH0*|O5O*UKTbWS/
true,gbyrcherjr@netvibes.com,zK5%Gkk=&_7
true,tmayoraljs@goodreads.com,xD1>>AjNF7zfn|
false,qmullenjt@de.vu,lD2'9`Z0CjIJ
true,mlegionju@w3.org,eH0%I29k@.#0
false,rsimmensjv@seattletimes.com,wE3`z#_gUEigJy
false,vvonderemptenjw@google.com.hk,"qF3$qew&LL'FU"""
true,jkhadirjx@blogtalkradio.com,dI3=m%r7QtlPT8
false,gemanuelijy@wordpress.com,eM3=|%!a0PfkR
true,trawjz@mayoclinic.com,"kJ6,SWAn36p.Apg("
true,rennork0@mozilla.com,iR3*N%LyJ
true,bbedink1@sourceforge.net,zE8#7I}HKC
false,stotterdillk2@netlog.com,gO2(2~~_%fe5B!
true,hmckinnak3@princeton.edu,uZ3'dgJO5{Dv~Q=
true,okeelk4@163.com,fM9=6v@C4VZ
false,redesonk5@cafepress.com,fC2%<c'm7
true,akillingsworthk6@dyndns.org,"oT5""<0.8EK,"
false,epenkek7@oaic.gov.au,iP3|/.?qGbW
true,ltewkesburyk8@naver.com,qN2?_nHBDYkHDt
true,ejoderk9@unicef.org,sL0_s`(<AdQG|1q
true,brousbyka@washingtonpost.com,xS6~U$lc+
true,alukekb@stanford.edu,"pS4,/E'RM"
true,sdickonskc@youku.com,qF4.ONY<rMS
false,ifishkd@about.com,dZ4!U\7@4Dby
true,landrewske@ucoz.com,wM2$t~qlz
true,emallabonekf@constantcontact.com,xW5/SZ`T.8@XT
false,lhobbenkg@home.pl,kR4.hn3&zUBn5?&n
false,cmottinellikh@dropbox.com,"hF0?'|{hr""NuYR"
true,ujohanchonki@lycos.com,rW6`i9tCRx&
true,tmugekj@google.com.br,qA7!.GV9=
false,dtegginkk@zdnet.com,tW4~.HG.{n!
true,lbeeskl@wisc.edu,eX4}FV}M$bRK}%
false,nmordauntkm@theglobeandmail.com,lN5/Bcz1E++gjr
false,ahassallkn@phpbb.com,uZ5&tu$Plmm2
true,ncassellko@ihg.com,rE8|jQ=\d'ZS{QC*
false,sjoiceykp@hhs.gov,nW4=xrTH|Ipt
true,dhughesdonkq@baidu.com,eJ8~MAf!hF4P
false,tmcbreartykr@newyorker.com,fY4@A3v_ehQq
true,mtelfordks@china.com.cn,nX6!1eX3
true,bboalkt@lulu.com,aH3{lZw'x_PT=!
true,rmackenku@state.tx.us,uT0&g?8D
false,cplacidekv@berkeley.edu,oQ8{3QIab
false,ptomichkw@apple.com,rK2!3zEb`1
false,lleyninyekx@godaddy.com,tB0_._y\{kUIkl
false,gjanatkaky@addtoany.com,sE5*aqmE\f95O
true,cburchesskz@statcounter.com,"nQ2,!s5X@#1qGy,"
false,astlegerl0@dailymotion.com,kO5))nM>
false,bbulteell1@apache.org,mL0}G0X1)Z~9.u_p
false,rsprasonl2@ning.com,"vR9>uR&Dt$b4,n>"
false,ntrowelll3@vinaora.com,"qD9?12Ys},F"
false,rbaccusl4@oaic.gov.au,xO5$F}FFj0Z
false,rbokenl5@google.ru,zA8~7Z=ZTgg\PY
true,csmittounel6@cnet.com,kR1!PMB.E+bmRm
false,ktheunissenl7@skyrock.com,"jT1=94#,R%KJ8"
false,cdeambrosil8@tuttocitta.it,"sQ3#UjW%b0t,d"
true,bcaesmanl9@earthlink.net,wH1=4an?
true,jpuigla@lulu.com,oA4}cge{')~@5
false,pbareheadlb@a8.net,sS7|0(SdyFQc
true,cgravettlc@gov.uk,"jV1&NG_=,V_t"
false,cbroughamld@fda.gov,vU7!m3Tx
true,jcleatonle@acquirethisname.com,bN2+8b(&
true,crowneylf@about.me,kJ4_7ccFW
true,achittleburghlg@free.fr,vZ2+OqxY$5B
true,bbullucklh@admin.ch,aC2_IU})MYIG
false,nkaasmannli@upenn.edu,zK6{2@@e@`g'
true,mtomaneklj@ovh.net,"iO5!,cd@{*FNvHt"
true,lausherlk@pagesperso-orange.fr,hA7/dcCoh
true,bkalbererll@elegantthemes.com,yT0@'d#\<F
false,ajukubczaklm@free.fr,aR9{TLc8?/
true,lpettersenln@ocn.ne.jp,"fD4{4`""/em"
true,okenwrightlo@feedburner.com,vX7&ux/M|GxNg5Z
true,thawelp@hatena.ne.jp,"jI3+,Z,)ei+2"
true,clehrlq@ocn.ne.jp,sY5$5jf$L
true,zstonbridgelr@hibu.com,"fA0\k.W""d"
false,kriolfols@usatoday.com,"sA7`+\V',i7Q"
true,asnodinglt@auda.org.au,rI2|Et8\6%K*
true,cjenynslu@aboutads.info,zJ8{xS}Czn7~4
false,wfortmanlv@yolasite.com,"gS7""{(tj"
false,tfosterlw@bing.com,qD2*Wb98Z
true,stildesleylx@liveinternet.ru,"aQ8*=KW_t""cK+0"
true,bmarnanely@cbc.ca,bR6/XJW4gS
false,sblackalllz@freewebs.com,yJ0&$xC`9X%G
true,aargentm0@washingtonpost.com,"fS6+i9""5\\"
false,tgodboldm1@sourceforge.net,yF6*|2uk}8
true,mdeschleinm2@squidoo.com,wX3/|\A!Dwl#7X
false,lroscoem3@ed.gov,qC8<Rrq`
true,djennickm4@de.vu,xQ3<msye
true,vjahnigm5@cocolog-nifty.com,cC5>shp5hi6$4j2
true,bferrimanm6@virginia.edu,xX8+npeY=.|GMyA
true,tprescottm7@desdev.cn,hC5(wmc/
false,dbalselliem8@deliciousdays.com,rX1{JFy~%IAU59
false,lhyslopm9@pagesperso-orange.fr,"yF8)+hxIIB=""xu@J"
false,tlodderma@ycombinator.com,rI1\n%JVoYr`
false,rlegonmb@instagram.com,nR9>D?#xV
false,kdunkerleymc@usda.gov,"aY6,4Xj|o$R9<"
false,tmiellmd@sun.com,eR8+s61s(MU?
true,kguidettime@earthlink.net,iT6=%KzDCJUMSBU
true,bberryclothmf@ed.gov,gV4.?Nm95R
true,tgirardengomg@epa.gov,yN1(LP3e2y&9ym
true,kbenezetmh@yolasite.com,tP9'GyO\KN&?~YB
false,smcanemi@de.vu,sH3.0C\~.qu(1SwS
false,dhanssmannmj@ocn.ne.jp,mD5~QyS*&#
false,cbarhimsmk@yolasite.com,"qQ5|0"")l"
true,pventuraml@mapquest.com,kZ4.}r/ho+H9J
false,lmullismm@free.fr,jW3\Sn2PS
false,rwhiffenmn@toplist.cz,hU9)cxgy
true,fhovendenmo@icio.us,"cT7|_,6PUjN""%"
false,sgreisermp@adobe.com,aA2)CtfZA/R*!
true,cwardropemq@cdbaby.com,uO0&KdW@u2}M+
true,cfranzolinimr@hao123.com,zF8+{7'`&8I
false,ehakonssonms@netlog.com,"pH3~`2,vm"
true,pfieldersmt@wiley.com,qK9)Z#Y4jWS
false,astorekmu@imdb.com,kF9$g=Z4PK&R
true,ggilliatmv@statcounter.com,eF1%t_lUp{cJ)
false,legletonmw@123-reg.co.uk,uO1<{M0P
true,bbeaginmx@amazon.com,qL4'oQaQXdtK)
true,feaclemy@symantec.com,sP7*#t)nO?LpTj
true,sundymz@accuweather.com,eV6|HZF.E2X
false,ggrocockn0@nasa.gov,"uU3,BBBY5"
false,fbompasn1@tinyurl.com,"sS3""a!s,%kRNMMgi"
false,gvenardn2@bluehost.com,oM0%WiB4`wO
true,tacedon3@apache.org,"pQ8_.To.,<Gcj+"
true,ahurlern4@drupal.org,zP5.q#5Htk@
false,dmeeginn5@nyu.edu,lI7|dwjb6`_l9k}
true,dsutherleyn6@pbs.org,"iN0*O,Oe"
false,jkobpaln7@vinaora.com,mA5=k{7l4C_@
true,bmckibbinn8@cargocollective.com,"uD1|>CWi,r0m"
false,rpigfordn9@netlog.com,"nW8.kv,GF"
true,ywixonna@merriam-webster.com,dH4({!WD#1
false,kputtennb@fotki.com,uX2_o!9X%pefd*`Y
true,opetrashkovnc@cdc.gov,gL7_I34I
true,lbedbroughnd@ask.com,fG8|Xu@k8%DN3
true,ljakubowskine@house.gov,yF4{'o2S*cVGGDH_
false,ecottrillnf@acquirethisname.com,"sN2""Sq=WmmNL+"
true,eswynng@rambler.ru,rQ8.?<nQ
true,bbonsulnh@ustream.tv,fN7|ZeQ.wqNv9
true,dbraccini@csmonitor.com,oG0~B@Alq=jLWY_G
false,aluxtonnj@lycos.com,mP9%}tlWQS385
false,fczadlank@ask.com,dF4.$zoG_}
true,fzamoranl@meetup.com,bD5|.xRir9d4x%o
false,brubertisnm@netlog.com,zF7\)B\\Fh#
false,dcardwellnn@is.gd,"hL1,DihWQ"""
false,sseifenmacherno@shinystat.com,oO2!&?SZ!*b).H'
false,bsedgebeernp@aol.com,jA7`Ovwlo
true,fshufflebothamnq@mozilla.com,vZ5*DOB6qeV
true,lhadleynr@list-manage.com,eQ5$c3ywSyq*cp=8
false,gbirkbeckns@army.mil,iF8&fVe4?
true,mhayernt@yellowpages.com,fG3*FBo)@
false,lskaenu@hubpages.com,"zW1""_8*pMGi"
false,bramasnv@comsenz.com,"vB3""gm#I}'5/S"
true,rsnoddinnw@example.com,bF1\fVY}UD<V(uj
false,vbergetnx@noaa.gov,"kP0(T>w0HmJ,oiS"
false,cmcgerrny@nih.gov,sB4=+dZc4D)
false,bjoskowitznz@issuu.com,iC0)e~i&k@#/tP
false,akroppo0@usda.gov,"uG2(vAU6""5"
true,tvanleijso1@seattletimes.com,"gX0""Q<84E/PjR"
true,deusticeo2@ocn.ne.jp,hY9/0U(Ae.
false,citzako3@elegantthemes.com,"fK5.=HP,h"
false,achilderleyo4@rambler.ru,dI2\!3~_!Nq
false,arufflero5@netvibes.com,eV9+6w13N<P
true,mfrancklyno6@google.pl,"xL1=_X1xU`U'9""B"
false,wdeadmano7@washington.edu,cQ2?)d#E'|g<#vXH
false,dfribergo8@bbb.org,xA3}BK3K6=F`x
false,ashriveo9@walmart.com,eA7/T=z6'30dyI
true,cdomesdayoa@surveymonkey.com,hJ0%>~<Be>#
true,dchattingtonob@toplist.cz,fG9{J!=ACT\F4E
false,bbrouneoc@networkadvertising.org,"mR9_Wp""/f/Eoq"
false,pkisarod@oracle.com,fJ6(*77j9mJ!HEc1
false,wpadleyoe@nationalgeographic.com,nH6<z>>VTTP
false,obladerof@discovery.com,iX0+V+M<6
false,gwestnedgeog@dedecms.com,"xX6,\{At"
true,malamoh@parallels.com,lV1{4nRu\ROz1h
false,kespinazooi@aol.com,yK0/LBYuZLlz!_
true,mnorssisteroj@unc.edu,tT5\=0>zqP*Izt
true,ceakinsok@engadget.com,"aQ3,QnpF4~QR"
true,mcessol@omniture.com,"lB3\,vMI.""r9+1"
true,gheismanom@domainmarket.com,kU2{J!RW
false,ymanwellon@businesswire.com,"xF2}""p""?_"
true,lfellgettoo@mapquest.com,gW2''~D)
true,gschimpkeop@yandex.ru,"xC3#=PWK008F""?UU"
true,cmccowenoq@networksolutions.com,"aJ2""XF2@6"
true,ucoomeror@adobe.com,"nQ3"".\_}Y/pP.T1"
true,tvalettos@ucsd.edu,kA5*NuM'y>Jp~PZo
true,klougheedot@purevolume.com,hQ7@OMV82R
false,trobertsou@uol.com.br,tD5%t?qkJ7
false,rfrancomov@hexun.com,xE2>JsQLN1?
false,mcoulingow@oaic.gov.au,bI1~gB}4.M
false,emarciskewskiox@webmd.com,kS0>*VtmGH
true,lgriffithsoy@nhs.uk,dP2$/yWIy'uPyyO
true,lwheeldonoz@arizona.edu,bM6%~8\sc9rYj
false,molensbyp0@earthlink.net,fO5~nyxEF{D1J5~q
true,eidelp1@weebly.com,nM1+l@{1`1B_3x
true,edunawayp2@lulu.com,"oK2{,ss'0"
false,ffarlanep3@tamu.edu,vK9=Gvtm#tt
false,jgaucherp4@clickbank.net,"vX0\{nnt>""70DY*"
false,ccrossbyp5@barnesandnoble.com,nI3/Ptr?OGXy
true,jcutfordp6@zdnet.com,"zQ3)pg,!{Ph%eiA"
false,ppechap7@sohu.com,uP5$TF}*7Bm
true,ainottp8@samsung.com,gE4/{NdD($3S
false,rlingerp9@homestead.com,"cX5_l,p$"
false,dtomaspa@tumblr.com,"gS0,+Ei'"
false,aoldroydpb@ted.com,jJ2\{((W
false,odowrypc@ycombinator.com,iK1?X&kLmN$Bp2YM
true,lcurrumpd@time.com,tC3|7HMr
true,acrowleype@wordpress.com,tH8+n?Ei
true,swomersleypf@vinaora.com,iB9=>LUuZ
false,tkleehuhlerpg@guardian.co.uk,lO0'iLv@w
false,ccargenph@cyberchimps.com,bF4?2Xo~V|
true,nealespi@netlog.com,sS5'9\$j.
true,mkesleypj@multiply.com,eO0*Hqu&7\jP/g
true,crollasonpk@ifeng.com,zW2~3Ne4
false,apepipl@ucoz.ru,"fN6""!2XdE2W&__U!"
true,cnicelypm@gnu.org,"lM2""0k++=<jD+"
false,bdilkspn@xinhuanet.com,nL7!5*zp+TZ=
true,csilversmidpo@springer.com,"hN6?tj`""7`Q@gUrL"
false,amacdougallpp@wsj.com,tN7(F|E\IdP
false,jnoicepq@google.ru,uT1&_rT.2
true,dtorrespr@nifty.com,"cE3/Q227z#=m"""
false,lkettlesps@aboutads.info,hH8*W@pN(<B=Rl7
false,spackept@msu.edu,"vJ0{ZE""4#5c"
true,elehonpu@geocities.jp,"tH3,e+#b<N*Aj"
false,apigrampv@desdev.cn,pF7/Om<'llu
false,bsmidmorepw@upenn.edu,qZ5$MD5E*
false,agraysmarkpx@ucla.edu,cD0/rCj?>?@4
true,stobypy@is.gd,"xL4{T@j,(#NnY+"
false,atoorpz@biglobe.ne.jp,sV6/e$VLD)E?l
false,hvannacciq0@apache.org,zP7?4W'K'iarl8w
false,arugieroq1@zdnet.com,oH7&)mlPE
true,rmalamq2@goodreads.com,"kE1?P+9!,L_(6S?A"
false,pyouellq3@shutterfly.com,"rC4$&?\,NEH"
true,hfourmanq4@ucsd.edu,"gH9""(Z3Aa{?u%P"
true,kgrievsonq5@xrea.com,pY7}?pdcyoWJWt
true,ndumbartonq6@a8.net,"cB1""<B(c%J@Afh"
false,mgalesq7@mapquest.com,"hV4|1,d0MiAU0S"
true,jsacaseq8@homestead.com,"sV7,?c|uMT>"
false,mjerdanq9@jimdo.com,kS2'7DXv
false,nlinskeyqa@addthis.com,mO1{nGO'UR
true,klummisqb@cnn.com,tT0!N%g\4_g
false,mshropsheirqc@bandcamp.com,"iU0""mSduBYUi\~*R"
false,ucallendarqd@cocolog-nifty.com,cD0}Piyfk
true,jkoppeckqe@un.org,wX3&9Fo/j215YWx
false,jschottliqf@vinaora.com,vR1/)jJW
false,vgillbeqg@newyorker.com,"wG3@9h5U9"""
false,mhedgecockqh@blogspot.com,eF9%0TXFgO~VYA
true,jbartolomeottiqi@bandcamp.com,gM0{0t{_akkjF
true,blavigneqj@craigslist.org,gS6?evL_O
true,lschuelckeqk@comcast.net,gJ5(n%BM}#6sTE
false,agiraultql@themeforest.net,sY8{fS0Y9
false,lmonksfieldqm@ucoz.com,nW7#TQ/S|$*G+52
true,cdoddemeadeqn@columbia.edu,rN2)j~j31a\0aM
true,dfarquarsonqo@nbcnews.com,uR9~U#i{sx<E
true,cpittmanqp@hud.gov,cN3@9%OLS
false,pdilowayqq@networksolutions.com,"iH9=""gEpawGQ"
true,atiernanqr@google.com,zX7.U<iQP*8}5'
false,rthoroldqs@washingtonpost.com,oL2.aFXfS@YN
false,sjewsterqt@nba.com,"eB4,&L4J"
true,bstathamqu@abc.net.au,bA5?8F@Y9(Utxe{~
false,ilorentqv@ibm.com,zR0*H4}P{
true,gmalanqw@dedecms.com,gP2*ORYMe1
true,malexandreqx@ning.com,nO7}eBoC=u_s
true,tdmiterkoqy@google.de,kC4_SIR<&G
true,ktumayanqz@flavors.me,"sO7$_IEW,lBrD"
false,borryr0@pen.io,"pV6#o.Z""=+"
false,mhammantr1@unesco.org,sG3~bumtjkhn6OHq
true,anajerar2@army.mil,"jK8,uA8I_Y""ETc+V"
true,jhenaughanr3@springer.com,yO5~H'V>$g.4DaQP
false,burionr4@sun.com,eV8<(9Pkl)O
false,cduchartr5@skyrock.com,oP7\N7Gw2g7u
false,mjordinr6@marriott.com,lT0|?s&n{
true,akilgrover7@pinterest.com,"oF0""5c)NSD$"
true,jhatliffer8@ezinearticles.com,cC3}6<4fg}
true,rphilcoxr9@fastcompany.com,vT9._|apq
true,mfronczakra@php.net,"pX1_~D,jwlc./"
true,lfirporb@infoseek.co.jp,lZ1'*Nw{kw
false,jrackstrawrc@purevolume.com,qB3/}ftI
false,sflawithrd@sphinn.com,sX6>smA8wZt{`
false,mgilhoolre@youtube.com,"uQ6.QTV""sn*!c"""
false,rmccahillrf@howstuffworks.com,zQ2>h=@6wV
true,rsamwaysrg@timesonline.co.uk,fR7`~7_jo}F
false,yjoustrh@theatlantic.com,jV5$?B5yPlIkN
true,ghalpinri@ucla.edu,"vR4!XW*k,}a"
false,cstubbertrj@samsung.com,"fV0""i@35w4q'""v"
false,rashtonrk@cisco.com,rE3)?~VR>hBNP
false,sturrillrl@cbsnews.com,"cW3""3n*'zbgEPN"
true,agrzegorekrm@51.la,sV6{MCIY_k
true,egilksrn@bloomberg.com,"uB6{RrB(>f,"
true,gdysterro@mail.ru,"pE6""*ytFDncj4!i}"
true,eslattenrp@mozilla.org,"tI6/nE3`,"
false,rraincinrq@paypal.com,"rO9""m!w==D8*"
true,rlavallrr@telegraph.co.uk,qF5/z69x*+
